level,model,benchmark,obs,lo,hi
cell,Qwen2.5-7B,aime2026,13.3,3.3,26.7
cell,Qwen2.5-7B,aime2026_pt,6.7,0.0,16.7
cell,Qwen2.5-7B,aime2026_tr,6.7,0.0,16.7
cell,Qwen2.5-7B,tubitak_math2026,34.4,18.8,50.0
model_avg,Qwen2.5-7B,all4,15.6,9.8,22.1
cell,Qwen2.5-32B,aime2026,10.0,0.0,23.3
cell,Qwen2.5-32B,aime2026_pt,13.3,3.3,26.7
cell,Qwen2.5-32B,aime2026_tr,13.3,3.3,26.7
cell,Qwen2.5-32B,tubitak_math2026,43.8,28.1,62.5
model_avg,Qwen2.5-32B,all4,20.5,13.9,27.0
cell,Qwen2.5-7B-Instruct,aime2026,10.0,0.0,23.3
cell,Qwen2.5-7B-Instruct,aime2026_pt,20.0,6.7,36.7
cell,Qwen2.5-7B-Instruct,aime2026_tr,10.0,0.0,23.3
cell,Qwen2.5-7B-Instruct,tubitak_math2026,46.9,31.2,62.5
model_avg,Qwen2.5-7B-Instruct,all4,22.1,15.6,28.7
cell,Qwen2.5-32B-Instruct,aime2026,10.0,0.0,23.3
cell,Qwen2.5-32B-Instruct,aime2026_pt,10.0,0.0,23.3
cell,Qwen2.5-32B-Instruct,aime2026_tr,16.7,3.3,30.0
cell,Qwen2.5-32B-Instruct,tubitak_math2026,43.8,28.1,62.5
model_avg,Qwen2.5-32B-Instruct,all4,20.5,13.9,27.0
cell,Qwen3.5-4B-Base,aime2026,0.0,0.0,0.0
cell,Qwen3.5-4B-Base,aime2026_pt,3.3,0.0,10.0
cell,Qwen3.5-4B-Base,aime2026_tr,0.0,0.0,0.0
cell,Qwen3.5-4B-Base,tubitak_math2026,0.0,0.0,0.0
model_avg,Qwen3.5-4B-Base,all4,0.8,0.0,2.5
cell,Qwen3.5-9B-Base,aime2026,0.0,0.0,0.0
cell,Qwen3.5-9B-Base,aime2026_pt,0.0,0.0,0.0
cell,Qwen3.5-9B-Base,aime2026_tr,0.0,0.0,0.0
cell,Qwen3.5-9B-Base,tubitak_math2026,0.0,0.0,0.0
model_avg,Qwen3.5-9B-Base,all4,0.0,0.0,0.0
cell,Qwen3.5-4B,aime2026,0.0,0.0,0.0
cell,Qwen3.5-4B,aime2026_pt,3.3,0.0,10.0
cell,Qwen3.5-4B,aime2026_tr,10.0,0.0,23.3
cell,Qwen3.5-4B,tubitak_math2026,6.2,0.0,15.6
model_avg,Qwen3.5-4B,all4,4.9,1.6,9.0
cell,Qwen3.5-9B,aime2026,0.0,0.0,0.0
cell,Qwen3.5-9B,aime2026_pt,3.3,0.0,10.0
cell,Qwen3.5-9B,aime2026_tr,0.0,0.0,0.0
cell,Qwen3.5-9B,tubitak_math2026,9.4,0.0,21.9
model_avg,Qwen3.5-9B,all4,3.3,0.8,6.6
cell,gemma-4-E2B-it,aime2026,6.7,0.0,16.7
cell,gemma-4-E2B-it,aime2026_pt,0.0,0.0,0.0
cell,gemma-4-E2B-it,aime2026_tr,6.7,0.0,16.7
cell,gemma-4-E2B-it,tubitak_math2026,18.8,6.2,34.4
model_avg,gemma-4-E2B-it,all4,8.2,4.1,13.1
cell,gemma-4-E4B-it,aime2026,6.7,0.0,16.7
cell,gemma-4-E4B-it,aime2026_pt,0.0,0.0,0.0
cell,gemma-4-E4B-it,aime2026_tr,3.3,0.0,10.0
cell,gemma-4-E4B-it,tubitak_math2026,18.8,6.2,34.4
model_avg,gemma-4-E4B-it,all4,7.4,3.3,12.3
generation,earlier,all4,19.7,16.4,23.0
generation,current,all4,4.1,2.7,5.5
benchmark_contrast,aime2026,aime2026,8.6,2.8,14.7
benchmark_contrast,aime2026_pt,aime2026_pt,10.8,5.0,17.2
benchmark_contrast,aime2026_tr,aime2026_tr,8.3,2.2,14.7
benchmark_contrast,tubitak_math2026,tubitak_math2026,33.3,24.2,43.0
earlier_minus_current,contrast,all4,15.6,12.0,19.3
