exp,solver_model,state,benchmark,n_generations,has_judged_solutions,na_reason,veto_rate_gemma,veto_rate_qwen,veto_rate_complete_gemma,veto_rate_complete_qwen,judge_cap_rate_gemma,judge_cap_rate_qwen
G4-E2B|base|aime2026,gemma-4-E2B,base,aime2026,0,False,zero_correct,,,,,,
G4-E2B|base|aime2026_pt,gemma-4-E2B,base,aime2026_pt,0,False,zero_correct,,,,,,
G4-E2B|base|aime2026_tr,gemma-4-E2B,base,aime2026_tr,0,False,zero_correct,,,,,,
G4-E2B|base|pt_exams_math,gemma-4-E2B,base,pt_exams_math,60,True,,0.7666666666666667,0.7333333333333333,0.7719298245614035,0.7241379310344828,0.03888888888888889,0.022222222222222223
G4-E2B|base|tubitak_math2026,gemma-4-E2B,base,tubitak_math2026,7,True,,1.0,1.0,1.0,1.0,0.38095238095238093,0.0
G4-E2B|non-think|aime2026,gemma-4-E2B-it,non-think,aime2026,34,True,,0.17647058823529413,0.2647058823529412,0.15625,0.2222222222222222,0.0196078431372549,0.16666666666666666
G4-E2B|non-think|aime2026_pt,gemma-4-E2B-it,non-think,aime2026_pt,468,True,,0.13247863247863248,0.13034188034188035,0.11036036036036036,0.07941176470588235,0.019230769230769232,0.15954415954415954
G4-E2B|non-think|aime2026_tr,gemma-4-E2B-it,non-think,aime2026_tr,283,True,,0.23674911660777384,0.1872791519434629,0.19622641509433963,0.1728395061728395,0.02237926972909305,0.12838633686690223
G4-E2B|non-think|tubitak_math2026,gemma-4-E2B-it,non-think,tubitak_math2026,534,True,,0.24344569288389514,0.24906367041198502,0.15022421524663676,0.2413127413127413,0.09051186017478152,0.02247191011235955
G4-E2B|think|aime2026,gemma-4-E2B-it,think,aime2026,691,True,,0.07091172214182344,0.01881331403762663,0.04885496183206107,0.018376722817764167,0.021225277375783887,0.06512301013024602
G4-E2B|think|aime2026_pt,gemma-4-E2B-it,think,aime2026_pt,675,True,,0.13925925925925925,0.02074074074074074,0.035842293906810034,0.01957831325301205,0.09777777777777778,0.014320987654320988
G4-E2B|think|aime2026_tr,gemma-4-E2B-it,think,aime2026_tr,529,True,,0.11720226843100189,0.04158790170132325,0.03611738148984198,0.0390625,0.07624448645242596,0.029615626969124134
G4-E2B|think|pt_exams_math,gemma-4-E2B-it,think,pt_exams_math,2419,True,,0.014468788755684168,0.009508061182306739,0.007572570466975179,0.009531703273932863,0.00730329337191677,0.0024803637866887144
G4-E2B|think|tubitak_math2026,gemma-4-E2B-it,think,tubitak_math2026,713,True,,0.2005610098176718,0.15427769985974754,0.08317929759704251,0.15492957746478872,0.13604488078541374,0.0018700327255726976
G4-E4B|base|aime2026,gemma-4-E4B,base,aime2026,0,False,zero_correct,,,,,,
G4-E4B|base|aime2026_pt,gemma-4-E4B,base,aime2026_pt,1,True,,1.0,1.0,,1.0,1.0,0.0
G4-E4B|base|aime2026_tr,gemma-4-E4B,base,aime2026_tr,2,True,,1.0,1.0,,1.0,0.6666666666666666,0.5
G4-E4B|base|pt_exams_math,gemma-4-E4B,base,pt_exams_math,366,True,,0.3551912568306011,0.22404371584699453,0.35359116022099446,0.22527472527472528,0.0036429872495446266,0.004553734061930784
G4-E4B|base|tubitak_math2026,gemma-4-E4B,base,tubitak_math2026,41,True,,1.0,0.975609756097561,1.0,0.9714285714285714,0.23577235772357724,0.10569105691056911
G4-E4B|non-think|aime2026,gemma-4-E4B-it,non-think,aime2026,70,True,,0.12857142857142856,0.12857142857142856,0.08955223880597014,0.08771929824561403,0.01904761904761905,0.09523809523809523
G4-E4B|non-think|aime2026_pt,gemma-4-E4B-it,non-think,aime2026_pt,564,True,,0.06028368794326241,0.0851063829787234,0.03954802259887006,0.04794520547945205,0.02541371158392435,0.14598108747044916
G4-E4B|non-think|aime2026_tr,gemma-4-E4B-it,non-think,aime2026_tr,480,True,,0.041666666666666664,0.09375,0.03411513859275053,0.04603580562659847,0.007638888888888889,0.1451388888888889
G4-E4B|non-think|tubitak_math2026,gemma-4-E4B-it,non-think,tubitak_math2026,683,True,,0.12298682284040996,0.1493411420204978,0.059625212947189095,0.1409090909090909,0.07515861395802831,0.02440214738897023
G4-E4B|think|aime2026,gemma-4-E4B-it,think,aime2026,926,True,,0.042116630669546434,0.020518358531317494,0.009122006841505131,0.015063731170336037,0.027357811375089993,0.06047516198704104
G4-E4B|think|aime2026_pt,gemma-4-E4B-it,think,aime2026_pt,982,True,,0.08859470468431772,0.023421588594704685,0.020047169811320754,0.02072538860103627,0.07501697216564834,0.0186693822131704
G4-E4B|think|aime2026_tr,gemma-4-E4B-it,think,aime2026_tr,921,True,,0.0998914223669924,0.0249728555917481,0.011734028683181226,0.020134228187919462,0.09771986970684039,0.03221136445892146
G4-E4B|think|pt_exams_math,gemma-4-E4B-it,think,pt_exams_math,2448,True,,0.004493464052287581,0.004084967320261438,0.002059308072487644,0.004095004095004095,0.003540305010893246,0.002178649237472767
G4-E4B|think|tubitak_math2026,gemma-4-E4B-it,think,tubitak_math2026,955,True,,0.09633507853403141,0.0774869109947644,0.04731457800511509,0.07651991614255765,0.10331588132635253,0.0006980802792321117
Q-0.8B|base|aime2026,Qwen3.5-0.8B-Base,base,aime2026,13,True,,0.15384615384615385,0.07692307692307693,0.16666666666666666,0.07692307692307693,0.02564102564102564,0.0
Q-0.8B|base|aime2026_pt,Qwen3.5-0.8B-Base,base,aime2026_pt,7,True,,1.0,0.8571428571428571,1.0,0.8571428571428571,0.19047619047619047,0.0
Q-0.8B|base|aime2026_tr,Qwen3.5-0.8B-Base,base,aime2026_tr,9,True,,0.6666666666666666,0.5555555555555556,0.0,0.5,0.037037037037037035,0.037037037037037035
Q-0.8B|base|pt_exams_math,Qwen3.5-0.8B-Base,base,pt_exams_math,1364,True,,0.250733137829912,0.13049853372434017,0.23623853211009174,0.1293166789125643,0.01686217008797654,0.0024437927663734115
Q-0.8B|base|tubitak_math2026,Qwen3.5-0.8B-Base,base,tubitak_math2026,75,True,,0.7066666666666667,0.5333333333333333,0.6557377049180327,0.5205479452054794,0.09333333333333334,0.0
Q-0.8B|non-think|aime2026,Qwen3.5-0.8B,non-think,aime2026,10,True,,0.8,0.4,0.7142857142857143,0.4444444444444444,0.16666666666666666,0.1
Q-0.8B|non-think|aime2026_pt,Qwen3.5-0.8B,non-think,aime2026_pt,3,True,,1.0,1.0,1.0,1.0,0.1111111111111111,0.1111111111111111
Q-0.8B|non-think|aime2026_tr,Qwen3.5-0.8B,non-think,aime2026_tr,3,True,,1.0,1.0,1.0,1.0,0.1111111111111111,0.0
Q-0.8B|non-think|tubitak_math2026,Qwen3.5-0.8B,non-think,tubitak_math2026,20,True,,1.0,1.0,1.0,1.0,0.13333333333333333,0.0
Q-0.8B|think|aime2026,Qwen3.5-0.8B,think,aime2026,0,False,zero_correct,,,,,,
Q-0.8B|think|aime2026_pt,Qwen3.5-0.8B,think,aime2026_pt,0,False,zero_correct,,,,,,
Q-0.8B|think|aime2026_tr,Qwen3.5-0.8B,think,aime2026_tr,0,False,zero_correct,,,,,,
Q-0.8B|think|pt_exams_math,Qwen3.5-0.8B,think,pt_exams_math,433,True,,0.10161662817551963,0.03233256351039261,0.0391566265060241,0.030878859857482184,0.15473441108545036,0.014626635873749037
Q-0.8B|think|tubitak_math2026,Qwen3.5-0.8B,think,tubitak_math2026,26,True,,0.7692307692307693,0.8461538461538461,0.8235294117647058,0.625,0.2564102564102564,0.0
Q-2B|base|aime2026,Qwen3.5-2B-Base,base,aime2026,283,True,,0.04240282685512368,0.04240282685512368,0.04240282685512368,0.03018867924528302,0.0,0.07891637220259129
Q-2B|base|aime2026_pt,Qwen3.5-2B-Base,base,aime2026_pt,220,True,,0.12727272727272726,0.03636363636363636,0.06321839080459771,0.03773584905660377,0.08333333333333333,0.05909090909090909
Q-2B|base|aime2026_tr,Qwen3.5-2B-Base,base,aime2026_tr,204,True,,0.08333333333333333,0.0392156862745098,0.045454545454545456,0.031088082901554404,0.11274509803921569,
Q-2B|base|pt_exams_math,Qwen3.5-2B-Base,base,pt_exams_math,2147,True,,0.07312529110386586,0.02375407545412203,0.06123432979749277,0.023386342376052385,0.01614656109299798,0.0035708740878745535
Q-2B|base|tubitak_math2026,Qwen3.5-2B-Base,base,tubitak_math2026,300,True,,0.25666666666666665,0.13666666666666666,0.1651376146788991,0.1326530612244898,0.13111111111111112,0.011111111111111112
Q-2B|non-think|aime2026,Qwen3.5-2B,non-think,aime2026,261,True,,0.3946360153256705,0.08045977011494253,0.2985781990521327,0.05531914893617021,0.09961685823754789,0.0842911877394636
Q-2B|non-think|aime2026_pt,Qwen3.5-2B,non-think,aime2026_pt,97,True,,0.27835051546391754,0.16494845360824742,0.22727272727272727,0.15217391304347827,0.037800687285223365,0.037800687285223365
Q-2B|non-think|aime2026_tr,Qwen3.5-2B,non-think,aime2026_tr,10,True,,0.4,0.4,0.3333333333333333,0.4444444444444444,0.03333333333333333,0.06666666666666667
Q-2B|non-think|tubitak_math2026,Qwen3.5-2B,non-think,tubitak_math2026,100,True,,0.68,0.57,0.6395348837209303,0.5757575757575758,0.056666666666666664,0.006666666666666667
Q-2B|think|aime2026,Qwen3.5-2B,think,aime2026,6,True,,0.6666666666666666,0.0,0.0,0.0,0.5,0.1111111111111111
Q-2B|think|aime2026_pt,Qwen3.5-2B,think,aime2026_pt,307,True,,0.749185667752443,0.003257328990228013,0.05555555555555555,0.0,0.7035830618892508,0.04560260586319218
Q-2B|think|aime2026_tr,Qwen3.5-2B,think,aime2026_tr,273,True,,0.7509157509157509,0.01098901098901099,0.05,0.003937007874015748,0.7155067155067155,0.08791208791208792
Q-2B|think|pt_exams_math,Qwen3.5-2B,think,pt_exams_math,2256,True,,0.02925531914893617,0.0035460992907801418,0.0031729243786356425,0.0031263957123715946,0.09264184397163121,0.010342789598108746
Q-2B|think|tubitak_math2026,Qwen3.5-2B,think,tubitak_math2026,282,True,,0.3262411347517731,0.0425531914893617,0.047058823529411764,0.039711191335740074,0.5283687943262412,0.030732860520094562
Q-4B|base|aime2026,Qwen3.5-4B-Base,base,aime2026,837,True,,0.015531660692951015,0.008363201911589008,0.0014705882352941176,0.003870967741935484,0.07845479888490642,0.09757068896853843
Q-4B|base|aime2026_pt,Qwen3.5-4B-Base,base,aime2026_pt,846,True,,0.026004728132387706,0.009456264775413711,0.009943181818181818,0.006180469715698393,0.07210401891252956,0.05752561071710008
Q-4B|base|aime2026_tr,Qwen3.5-4B-Base,base,aime2026_tr,821,True,,0.018270401948842874,0.0048721071863581,0.004347826086956522,0.003861003861003861,0.06983353633779943,
Q-4B|base|pt_exams_math,Qwen3.5-4B-Base,base,pt_exams_math,2490,True,,0.004417670682730923,0.0012048192771084338,0.0036719706242350062,0.0012067578439259854,0.00749665327978581,0.002008032128514056
Q-4B|base|tubitak_math2026,Qwen3.5-4B-Base,base,tubitak_math2026,789,True,,0.026615969581749048,0.01394169835234474,0.007541478129713424,0.0140485312899106,0.07097591888466413,0.012674271229404309
Q-4B|non-think|aime2026,Qwen3.5-4B,non-think,aime2026,986,True,,0.17647058823529413,0.04766734279918864,0.04183006535947712,0.014652014652014652,0.1213657876943881,0.11257606490872211
Q-4B|non-think|aime2026_pt,Qwen3.5-4B,non-think,aime2026_pt,929,True,,0.03659849300322928,0.04305705059203445,0.01020408163265306,0.01734820322180917,0.021528525296017224,0.08288482238966631
Q-4B|non-think|aime2026_tr,Qwen3.5-4B,non-think,aime2026_tr,538,True,,0.11524163568773234,0.09107806691449814,0.074,0.08235294117647059,0.03469640644361834,0.03965303593556382
Q-4B|non-think|tubitak_math2026,Qwen3.5-4B,non-think,tubitak_math2026,789,True,,0.15082382762991128,0.12420785804816223,0.11830985915492957,0.12276214833759591,0.04267004647232784,0.006759611322348965
Q-4B|think|aime2026,Qwen3.5-4B,think,aime2026,202,True,,0.3217821782178218,0.019801980198019802,0.013513513513513514,0.005714285714285714,0.34983498349834985,0.15676567656765678
Q-4B|think|aime2026_pt,Qwen3.5-4B,think,aime2026_pt,979,True,,0.5474974463738509,0.008171603677221655,0.016483516483516484,0.0053590568060021436,0.5345590738849166,0.052434456928838954
Q-4B|think|aime2026_tr,Qwen3.5-4B,think,aime2026_tr,995,True,,0.24824120603015076,0.023115577889447236,0.024691358024691357,0.016216216216216217,0.5095477386934674,0.09983249581239531
Q-4B|think|pt_exams_math,Qwen3.5-4B,think,pt_exams_math,2496,True,,0.014022435897435898,0.00040064102564102563,0.0017574692442882249,0.00040584415584415587,0.050213675213675216,0.015090811965811966
Q-4B|think|tubitak_math2026,Qwen3.5-4B,think,tubitak_math2026,929,True,,0.1991388589881593,0.007534983853606028,0.017482517482517484,0.0055617352614015575,0.4757804090419806,0.03552206673842842
Q-9B|base|aime2026,Qwen3.5-9B-Base,base,aime2026,964,True,,0.005186721991701245,0.012448132780082987,0.0,0.0044943820224719105,0.06154910096818811,0.09854771784232365
Q-9B|base|aime2026_pt,Qwen3.5-9B-Base,base,aime2026_pt,1000,True,,0.011,0.004,0.002304147465437788,0.003121748178980229,0.05733333333333333,0.058333333333333334
Q-9B|base|aime2026_tr,Qwen3.5-9B-Base,base,aime2026_tr,1028,True,,0.005836575875486381,0.0038910505836575876,0.0011695906432748538,0.003061224489795918,0.07295719844357977,0.062905317769131
Q-9B|base|pt_exams_math,Qwen3.5-9B-Base,base,pt_exams_math,2542,True,,0.001966955153422502,0.0007867820613690008,0.0012004801920768306,0.0007877116975187081,0.008261211644374508,0.0026226068712300026
Q-9B|base|tubitak_math2026,Qwen3.5-9B-Base,base,tubitak_math2026,957,True,,0.01567398119122257,0.0073145245559038665,0.0059594755661501785,0.0042417815482502655,0.051201671891327065,0.018112156043190525
Q-9B|non-think|aime2026,Qwen3.5-9B,non-think,aime2026,1156,True,,0.10034602076124567,0.02249134948096886,0.03015075376884422,0.004020100502512563,0.07352941176470588,0.10236447520184544
Q-9B|non-think|aime2026_pt,Qwen3.5-9B,non-think,aime2026_pt,1172,True,,0.02303754266211604,0.017064846416382253,0.008,0.0056925996204933585,0.017349260523321957,0.07337883959044368
Q-9B|non-think|aime2026_tr,Qwen3.5-9B,non-think,aime2026_tr,833,True,,0.04321728691476591,0.03241296518607443,0.022813688212927757,0.023255813953488372,0.023609443777511004,0.04441776710684274
Q-9B|non-think|tubitak_math2026,Qwen3.5-9B,non-think,tubitak_math2026,1118,True,,0.11627906976744186,0.09123434704830054,0.07910750507099391,0.09033423667570009,0.0518783542039356,0.006261180679785331
Q-9B|think|aime2026,Qwen3.5-9B,think,aime2026,312,True,,0.2980769230769231,0.022435897435897436,0.007874015748031496,0.0,0.3301282051282051,0.1752136752136752
Q-9B|think|aime2026_pt,Qwen3.5-9B,think,aime2026_pt,1062,True,,0.20998116760828625,0.004708097928436911,0.013574660633484163,0.0019704433497536944,,
Q-9B|think|aime2026_tr,Qwen3.5-9B,think,aime2026_tr,1201,True,,0.5245628642797668,0.009159034138218152,0.015810276679841896,0.006289308176100629,0.5384401887316126,0.08326394671107411
Q-9B|think|pt_exams_math,Qwen3.5-9B,think,pt_exams_math,2529,True,,0.0071174377224199285,0.0007908264136022143,0.000846740050804403,0.0007984031936127744,0.03532357980756557,0.012521418215368393
Q-9B|think|tubitak_math2026,Qwen3.5-9B,think,tubitak_math2026,1134,True,,0.21781305114638447,0.007054673721340388,0.01929260450160772,0.004516711833785004,0.49059376837154617,0.03439153439153439
Qwen2.5-32B-Instruct|non-think|aime2026,Qwen2.5-32B-Instruct,non-think,aime2026,239,True,,0.12552301255230125,0.301255230125523,0.08108108108108109,0.11016949152542373,0.03486750348675035,0.37517433751743373
Qwen2.5-32B-Instruct|non-think|aime2026_pt,Qwen2.5-32B-Instruct,non-think,aime2026_pt,177,True,,0.11864406779661017,0.12994350282485875,0.07142857142857142,0.12403100775193798,0.030131826741996232,0.16195856873822975
Qwen2.5-32B-Instruct|non-think|aime2026_tr,Qwen2.5-32B-Instruct,non-think,aime2026_tr,125,True,,0.096,0.096,0.05042016806722689,0.07964601769911504,0.02666666666666667,0.09066666666666667
Qwen2.5-32B-Instruct|non-think|tubitak_math2026,Qwen2.5-32B-Instruct,non-think,tubitak_math2026,376,True,,0.5718085106382979,0.5372340425531915,0.4517241379310345,0.5015197568389058,0.1524822695035461,0.06648936170212766
Qwen2.5-32B|base|aime2026,Qwen2.5-32B,base,aime2026,79,True,,0.189873417721519,0.20253164556962025,0.07246376811594203,0.18867924528301888,0.05063291139240506,0.22362869198312235
Qwen2.5-32B|base|aime2026_pt,Qwen2.5-32B,base,aime2026_pt,79,True,,0.189873417721519,0.189873417721519,0.16883116883116883,0.18867924528301888,0.008438818565400843,0.17721518987341772
Qwen2.5-32B|base|aime2026_tr,Qwen2.5-32B,base,aime2026_tr,33,True,,0.3333333333333333,0.30303030303030304,0.2413793103448276,0.3076923076923077,0.08080808080808081,0.10101010101010101
Qwen2.5-32B|base|tubitak_math2026,Qwen2.5-32B,base,tubitak_math2026,238,True,,0.6092436974789915,0.5966386554621849,0.4887640449438202,0.5401069518716578,0.16246498599439776,0.11484593837535013
Qwen2.5-7B-Instruct|non-think|aime2026,Qwen2.5-7B-Instruct,non-think,aime2026,134,True,,0.2462686567164179,0.30597014925373134,0.2032520325203252,0.2247191011235955,0.02736318407960199,0.2810945273631841
Qwen2.5-7B-Instruct|non-think|aime2026_pt,Qwen2.5-7B-Instruct,non-think,aime2026_pt,105,True,,0.1523809523809524,0.14285714285714285,0.1188118811881188,0.13253012048192772,0.022222222222222223,0.1365079365079365
Qwen2.5-7B-Instruct|non-think|aime2026_tr,Qwen2.5-7B-Instruct,non-think,aime2026_tr,39,True,,0.41025641025641024,0.3076923076923077,0.35294117647058826,0.30303030303030304,0.07692307692307693,0.1623931623931624
Qwen2.5-7B-Instruct|non-think|tubitak_math2026,Qwen2.5-7B-Instruct,non-think,tubitak_math2026,237,True,,0.620253164556962,0.6075949367088608,0.5594059405940595,0.5821596244131455,0.0759493670886076,0.04922644163150492
Qwen2.5-7B|base|aime2026,Qwen2.5-7B,base,aime2026,55,True,,0.2,0.3090909090909091,0.12,0.2,0.030303030303030304,0.37575757575757573
Qwen2.5-7B|base|aime2026_pt,Qwen2.5-7B,base,aime2026_pt,55,True,,0.32727272727272727,0.2545454545454545,0.28846153846153844,0.25,0.01818181818181818,0.13333333333333333
Qwen2.5-7B|base|aime2026_tr,Qwen2.5-7B,base,aime2026_tr,31,True,,0.3225806451612903,0.25806451612903225,0.27586206896551724,0.2916666666666667,0.03225806451612903,0.15053763440860216
Qwen2.5-7B|base|tubitak_math2026,Qwen2.5-7B,base,tubitak_math2026,178,True,,0.5561797752808989,0.5337078651685393,0.4444444444444444,0.49673202614379086,0.15355805243445692,0.09925093632958802
