judge,judge_max,solver,generation,benchmark,n_judgments,n_solutions,judgments_per_solution,judge_tokens_mean,judge_tokens_median,share_length,judge_tokens_sum,solver_tokens_judged,solver_tokens_all,ratio_judged,ratio_all,unmatched
R1-distill,16384,Q2.5-7B,earlier,aime2026,165,55,3.0,8550.012121212121,8409.0,0.012121212121212121,1410752,50773,2751795,27.785476532802868,0.5126660961299806,0
Qwen3.6,16384,Q2.5-7B,earlier,aime2026,165,55,3.0,9665.6,7162.0,0.37575757575757573,1594824,50773,2751795,31.41086798101353,0.5795577068786011,0
V4-Flash,20480,Q2.5-7B,earlier,aime2026,165,55,3.0,3296.3030303030305,3178.0,0.0,543890,50773,2751795,10.712189549563744,0.1976491708139596,0
Gemma4,16384,Q2.5-7B,earlier,aime2026,165,55,3.0,7747.90303030303,6994.0,0.030303030303030304,1278404,50773,2751795,25.17881551218167,0.4645709436931167,0
R1-distill,16384,Q2.5-7B,earlier,aime2026_pt,165,55,3.0,7796.8,7762.0,0.0,1286472,55917,2736376,23.00681367026128,0.4701371448952922,0
Qwen3.6,16384,Q2.5-7B,earlier,aime2026_pt,165,55,3.0,6712.460606060606,4551.0,0.13333333333333333,1107556,55917,2736376,19.807142729402507,0.40475285560171553,0
V4-Flash,20480,Q2.5-7B,earlier,aime2026_pt,165,55,3.0,2824.4848484848485,2631.0,0.0,466040,55917,2736376,8.334495770517016,0.17031285174259678,0
Gemma4,16384,Q2.5-7B,earlier,aime2026_pt,165,55,3.0,6645.769696969697,5450.0,0.01818181818181818,1096552,55917,2736376,19.610351056029472,0.40073147842255596,0
R1-distill,16384,Q2.5-7B,earlier,aime2026_tr,93,31,3.0,7977.645161290323,7600.0,0.06451612903225806,741921,35951,2707209,20.637005924730882,0.2740538318245839,0
Qwen3.6,16384,Q2.5-7B,earlier,aime2026_tr,93,31,3.0,7491.0,5652.0,0.15053763440860216,696663,35951,2707209,19.378125782314818,0.2573362455576943,0
V4-Flash,20480,Q2.5-7B,earlier,aime2026_tr,93,31,3.0,3190.3118279569894,2961.0,0.0,296699,35951,2707209,8.252871964618508,0.10959589747226757,0
Gemma4,16384,Q2.5-7B,earlier,aime2026_tr,93,31,3.0,7574.688172043011,6812.0,0.03225806451612903,704446,35951,2707209,19.594614892492558,0.26021116212305734,0
R1-distill,16384,Q2.5-7B,earlier,tubitak_math2026,534,178,3.0,9272.280898876405,8700.0,0.056179775280898875,4951398,135636,2672610,36.505042908962224,1.8526451670838617,0
Qwen3.6,16384,Q2.5-7B,earlier,tubitak_math2026,534,178,3.0,7279.938202247191,6369.0,0.09925093632958802,3887487,135636,2672610,28.66117402459524,1.4545657615589256,0
V4-Flash,20480,Q2.5-7B,earlier,tubitak_math2026,534,178,3.0,4002.395131086142,2113.0,0.02247191011235955,2137279,135636,2672610,15.757461146008435,0.7996972996434197,0
Gemma4,16384,Q2.5-7B,earlier,tubitak_math2026,534,178,3.0,9478.383895131086,10075.0,0.15355805243445692,5061457,135636,2672610,37.31647202807514,1.8938255113914861,0
R1-distill,16384,Q2.5-32B,earlier,aime2026,237,79,3.0,8475.451476793249,7709.0,0.0379746835443038,2008682,64283,2928733,31.2474837826486,0.685853575590537,0
Qwen3.6,16384,Q2.5-32B,earlier,aime2026,237,79,3.0,8028.814345991561,5426.0,0.22362869198312235,1902829,64283,2928733,29.60081203428589,0.6497106427933171,0
V4-Flash,20480,Q2.5-32B,earlier,aime2026,237,79,3.0,3481.9662447257383,2534.0,0.0,825226,64283,2928733,12.837390912060732,0.2817689424061531,0
Gemma4,16384,Q2.5-32B,earlier,aime2026,237,79,3.0,7768.362869198312,7076.0,0.05063291139240506,1841102,64283,2928733,28.64057371311233,0.6286342933958131,0
R1-distill,16384,Q2.5-32B,earlier,aime2026_pt,237,79,3.0,7965.535864978903,7846.0,0.008438818565400843,1887832,59439,3821033,31.76083043119837,0.49406325462250655,0
Qwen3.6,16384,Q2.5-32B,earlier,aime2026_pt,237,79,3.0,7008.7552742616035,4568.0,0.17721518987341772,1661075,59439,3821033,27.94587728595703,0.43471883126892646,0
V4-Flash,20480,Q2.5-32B,earlier,aime2026_pt,237,79,3.0,2818.1012658227846,2502.0,0.0,667890,59439,3821033,11.236561853328622,0.17479304680174182,0
Gemma4,16384,Q2.5-32B,earlier,aime2026_pt,237,79,3.0,5832.670886075949,4903.0,0.008438818565400843,1382343,59439,3821033,23.256498258719024,0.36177206530275974,0
R1-distill,16384,Q2.5-32B,earlier,aime2026_tr,99,33,3.0,8469.505050505051,8379.0,0.0,838481,27864,7088147,30.09191070915877,0.11829339882482685,0
Qwen3.6,16384,Q2.5-32B,earlier,aime2026_tr,99,33,3.0,7013.020202020202,5403.0,0.10101010101010101,694289,27864,7088147,24.917061441286247,0.09795070559343648,0
V4-Flash,20480,Q2.5-32B,earlier,aime2026_tr,99,33,3.0,3364.5050505050503,3455.0,0.0,333086,27864,7088147,11.953990812517944,0.0469919712443887,0
Gemma4,16384,Q2.5-32B,earlier,aime2026_tr,99,33,3.0,8065.69696969697,6887.0,0.08080808080808081,798504,27864,7088147,28.657192075796726,0.11265341985712203,0
R1-distill,16384,Q2.5-32B,earlier,tubitak_math2026,714,238,3.0,7863.114845938376,7637.0,0.014005602240896359,5614264,222885,6984586,25.189061623707293,0.8038076988385567,0
Qwen3.6,16384,Q2.5-32B,earlier,tubitak_math2026,714,238,3.0,7828.23949579832,6737.5,0.11484593837535013,5589363,222885,6984586,25.077340332458444,0.8002425626944818,0
V4-Flash,20480,Q2.5-32B,earlier,tubitak_math2026,714,238,3.0,3906.768907563025,1701.0,0.04061624649859944,2789433,222885,6984586,12.515122148193015,0.3993698409612252,0
Gemma4,16384,Q2.5-32B,earlier,tubitak_math2026,714,238,3.0,9180.70168067227,9500.5,0.16246498599439776,6555021,222885,6984586,29.409879534288983,0.9384981443424134,0
R1-distill,16384,Q2.5-7B-Inst,earlier,aime2026,402,134,3.0,8010.141791044776,7646.5,0.007462686567164179,3220077,145247,2360420,22.169662712482875,1.3641966260241822,0
Qwen3.6,16384,Q2.5-7B-Inst,earlier,aime2026,402,134,3.0,8144.885572139304,4771.5,0.2810945273631841,3274244,145247,2360420,22.542592962333128,1.3871446606959779,0
V4-Flash,20480,Q2.5-7B-Inst,earlier,aime2026,402,134,3.0,3084.9328358208954,2735.5,0.0,1240143,145247,2360420,8.538166020640702,0.5253908202777472,0
Gemma4,16384,Q2.5-7B-Inst,earlier,aime2026,402,134,3.0,7049.1567164179105,6053.0,0.02736318407960199,2833761,145247,2360420,19.50994512795445,1.2005325323459384,0
R1-distill,16384,Q2.5-7B-Inst,earlier,aime2026_pt,315,105,3.0,7915.577777777778,7722.0,0.006349206349206349,2493407,107153,2326249,23.269595811596503,1.0718573119214667,0
Qwen3.6,16384,Q2.5-7B-Inst,earlier,aime2026_pt,315,105,3.0,6828.806349206349,4345.0,0.1365079365079365,2151074,107153,2326249,20.074790253189366,0.9246963674138066,0
V4-Flash,20480,Q2.5-7B-Inst,earlier,aime2026_pt,315,105,3.0,2688.4095238095238,2460.0,0.0,846849,107153,2326249,7.903175832687839,0.36404056487504133,0
Gemma4,16384,Q2.5-7B-Inst,earlier,aime2026_pt,315,105,3.0,5845.930158730159,4625.0,0.022222222222222223,1841468,107153,2326249,17.185407781396695,0.7916039942413732,0
R1-distill,16384,Q2.5-7B-Inst,earlier,aime2026_tr,117,39,3.0,7943.8376068376065,8122.0,0.0,929429,39620,2310010,23.458581524482586,0.4023484746819278,0
Qwen3.6,16384,Q2.5-7B-Inst,earlier,aime2026_tr,117,39,3.0,7794.119658119658,5599.0,0.1623931623931624,911912,39620,2310010,23.01645633518425,0.3947653906260146,0
V4-Flash,20480,Q2.5-7B-Inst,earlier,aime2026_tr,117,39,3.0,3503.4957264957266,3346.0,0.0,409909,39620,2310010,10.346012115093387,0.17744901537222782,0
Gemma4,16384,Q2.5-7B-Inst,earlier,aime2026_tr,117,39,3.0,8035.452991452991,7956.0,0.07692307692307693,940148,39620,2310010,23.729126703685008,0.40698871433456996,0
R1-distill,16384,Q2.5-7B-Inst,earlier,tubitak_math2026,711,237,3.0,7004.445850914205,6799.0,0.0,4980161,194961,2146084,25.54439605869892,2.320580648287765,0
Qwen3.6,16384,Q2.5-7B-Inst,earlier,tubitak_math2026,711,237,3.0,6733.2967651195495,6057.0,0.04922644163150492,4787374,194961,2146084,24.555547006837266,2.230748656622947,0
V4-Flash,20480,Q2.5-7B-Inst,earlier,tubitak_math2026,711,237,3.0,2901.9535864978902,1265.0,0.01969057665260197,2063289,194961,2146084,10.583085847938818,0.9614204290232815,0
Gemma4,16384,Q2.5-7B-Inst,earlier,tubitak_math2026,711,237,3.0,8119.03094233474,8323.0,0.0759493670886076,5772631,194961,2146084,29.609157728981693,2.689843920368448,0
R1-distill,16384,Q2.5-32B-Inst,earlier,aime2026,717,239,3.0,8490.05439330544,8137.0,0.03486750348675035,6087369,221882,1980367,27.435163735679325,3.0738590372390573,0
Qwen3.6,16384,Q2.5-32B-Inst,earlier,aime2026,717,239,3.0,9369.011157601115,6727.0,0.37517433751743373,6717581,221882,1980367,30.27546623881162,3.392088941090212,0
V4-Flash,20480,Q2.5-32B-Inst,earlier,aime2026,717,239,3.0,3153.2482566248254,2546.0,0.0,2260879,221882,1980367,10.18955570979169,1.141646472598261,0
Gemma4,16384,Q2.5-32B-Inst,earlier,aime2026,717,239,3.0,6567.774058577405,5343.0,0.03486750348675035,4709094,221882,1980367,21.223416049972506,2.377889552795012,0
R1-distill,16384,Q2.5-32B-Inst,earlier,aime2026_pt,531,177,3.0,8000.783427495292,7838.0,0.013182674199623353,4248416,167086,1824947,25.426522868462946,2.3279667847888184,0
Qwen3.6,16384,Q2.5-32B-Inst,earlier,aime2026_pt,531,177,3.0,7034.580037664783,4205.0,0.16195856873822975,3735362,167086,1824947,22.355924493973163,2.046833140907654,0
V4-Flash,20480,Q2.5-32B-Inst,earlier,aime2026_pt,531,177,3.0,2635.1732580037665,2358.0,0.0,1399277,167086,1824947,8.374591527716266,0.7667493905302455,0
Gemma4,16384,Q2.5-32B-Inst,earlier,aime2026_pt,531,177,3.0,5262.719397363465,4248.0,0.030131826741996232,2794504,167086,1824947,16.724944040793364,1.531279538529064,0
R1-distill,16384,Q2.5-32B-Inst,earlier,aime2026_tr,375,125,3.0,6592.856,6189.0,0.0,2472321,116745,1829059,21.177103944494412,1.3516901313735643,0
Qwen3.6,16384,Q2.5-32B-Inst,earlier,aime2026_tr,375,125,3.0,6057.256,4030.0,0.09066666666666667,2271471,116745,1829059,19.45668765257613,1.2418795675809255,0
V4-Flash,20480,Q2.5-32B-Inst,earlier,aime2026_tr,375,125,3.0,2304.309333333333,1772.0,0.0,864116,116745,1829059,7.40173883249818,0.4724374664786647,0
Gemma4,16384,Q2.5-32B-Inst,earlier,aime2026_tr,375,125,3.0,4935.376,3843.0,0.02666666666666667,1850766,116745,1829059,15.853064371065141,1.0118678511737456,0
R1-distill,16384,Q2.5-32B-Inst,earlier,tubitak_math2026,1128,376,3.0,7610.800531914893,7573.0,0.0017730496453900709,8584983,290119,1768494,29.591247040007723,4.854403238009289,0
Qwen3.6,16384,Q2.5-32B-Inst,earlier,tubitak_math2026,1128,376,3.0,7336.016843971631,6681.5,0.06648936170212766,8275027,290119,1768494,28.522871649219802,4.679137729616272,0
V4-Flash,20480,Q2.5-32B-Inst,earlier,tubitak_math2026,1128,376,3.0,4836.478723404255,2085.5,0.047872340425531915,5455548,290119,1768494,18.804518146002156,3.084855249720949,0
Gemma4,16384,Q2.5-32B-Inst,earlier,tubitak_math2026,1128,376,3.0,9299.099290780141,9678.0,0.1524822695035461,10489384,290119,1768494,36.15545345185941,5.931252240606979,0
Qwen3.6,16384,Q3.5-4B-Base,current,aime2026,2511,837,3.0,4599.043010752688,3101.0,0.09757068896853843,11548197,6990871,24567065,1.6518967379029021,0.4700682397347831,0
Gemma4,16384,Q3.5-4B-Base,current,aime2026,2511,837,3.0,5095.221425726802,3921.0,0.07845479888490642,12794101,6990871,24567065,1.8301154462727176,0.520782641312668,0
Qwen3.6,16384,Q3.5-4B-Base,current,aime2026_pt,2538,846,3.0,4260.609141055949,3312.0,0.05752561071710008,10813426,6191595,23280038,1.7464685593938234,0.4644934857924201,0
Gemma4,16384,Q3.5-4B-Base,current,aime2026_pt,2538,846,3.0,5431.927107959023,4318.5,0.07210401891252956,13786231,6191595,23280038,2.2266041302766086,0.5921910866296696,0
Qwen3.6,16384,Q3.5-4B-Base,current,aime2026_tr,2463,821,3.0,4214.894843686561,3326.0,0.04790905399918798,10381286,6134918,22956890,1.6921637746421387,0.45220785568079996,0
Gemma4,16384,Q3.5-4B-Base,current,aime2026_tr,2463,821,3.0,5393.979293544458,4338.0,0.06983353633779943,13285371,6134918,22956890,2.1655335898540127,0.5787095290346383,0
Qwen3.6,16384,Q3.5-4B-Base,current,tubitak_math2026,2367,789,3.0,3732.410646387833,3304.0,0.012674271229404309,8834616,6004830,25579219,1.4712516424278457,0.34538255448690597,0
Gemma4,16384,Q3.5-4B-Base,current,tubitak_math2026,2367,789,3.0,5053.670891423743,3845.0,0.07097591888466413,11962039,6004830,25579219,1.9920695506783705,0.46764676435195307,0
Qwen3.6,16384,Q3.5-9B-Base,current,aime2026,2892,964,3.0,4516.887275242047,3012.0,0.09854771784232365,13062838,8062208,23640779,1.620255642126822,0.552555311311865,0
Gemma4,16384,Q3.5-9B-Base,current,aime2026,2892,964,3.0,4679.230636237898,3807.0,0.06154910096818811,13532335,8062208,23640779,1.6784899372479598,0.572414936072961,0
Qwen3.6,16384,Q3.5-9B-Base,current,aime2026_pt,3000,1000,3.0,4260.575333333333,3339.0,0.058333333333333334,12781726,7417257,22147138,1.7232416242284716,0.577127663177066,0
Gemma4,16384,Q3.5-9B-Base,current,aime2026_pt,3000,1000,3.0,5109.993666666666,4190.0,0.05733333333333333,15329981,7417257,22147138,2.06679922240796,0.6921879025633019,0
Qwen3.6,16384,Q3.5-9B-Base,current,aime2026_tr,3084,1028,3.0,4332.778858625162,3286.0,0.062905317769131,13362290,7878388,22100877,1.696069043565765,0.6046045141104581,0
Gemma4,16384,Q3.5-9B-Base,current,aime2026_tr,3084,1028,3.0,5293.304474708171,4243.0,0.07295719844357977,16324551,7878388,22100877,2.072067407698123,0.7386381544949551,0
Qwen3.6,16384,Q3.5-9B-Base,current,tubitak_math2026,2871,957,3.0,3784.3984674329504,3341.0,0.018112156043190525,10865008,7046385,24073048,1.5419265339603214,0.4513349535131571,0
Gemma4,16384,Q3.5-9B-Base,current,tubitak_math2026,2871,957,3.0,4704.165099268547,3680.0,0.051201671891327065,13505658,7046385,24073048,1.9166789779440097,0.5610281672682246,0
Qwen3.6,16384,Q3.5-4B,current,aime2026,2958,986,3.0,6235.516565246789,4115.5,0.11257606490872211,18444658,6131800,18020517,3.008033203953162,1.0235365611319587,0
Gemma4,16384,Q3.5-4B,current,aime2026,2958,986,3.0,6825.375591615957,5396.0,0.1213657876943881,20189461,6131800,18020517,3.2925830914250303,1.1203596988921016,0
Qwen3.6,16384,Q3.5-4B,current,aime2026_pt,2787,929,3.0,6547.154646573376,5038.0,0.08288482238966631,18246920,4458399,13851581,4.092706821439714,1.3173167741646243,0
Gemma4,16384,Q3.5-4B,current,aime2026_pt,2787,929,3.0,6671.26982418371,6028.0,0.021528525296017224,18592829,4458399,13851581,4.170292744099395,1.3422893025713094,0
Qwen3.6,16384,Q3.5-4B,current,aime2026_tr,1614,538,3.0,5810.246592317224,4862.5,0.03965303593556382,9377738,2797079,17298652,3.3526897166651355,0.5421080209024379,0
Gemma4,16384,Q3.5-4B,current,aime2026_tr,1614,538,3.0,7154.140024783147,6295.5,0.03469640644361834,11546782,2797079,17298652,4.12815726692024,0.6674960569181922,0
Qwen3.6,16384,Q3.5-4B,current,tubitak_math2026,2367,789,3.0,5388.152091254753,4957.0,0.006759611322348965,12753756,4019938,17405840,3.172625050436101,0.7327285554733354,0
Gemma4,16384,Q3.5-4B,current,tubitak_math2026,2367,789,3.0,7413.415716096324,6496.0,0.04267004647232784,17547555,4019938,17405840,4.365130755747974,1.008141807577227,0
Qwen3.6,16384,Q3.5-9B,current,aime2026,3468,1156,3.0,6165.583910034602,4066.0,0.10236447520184544,21382245,6807960,16820987,3.1407712442493785,1.2711647063278748,0
Gemma4,16384,Q3.5-9B,current,aime2026,3468,1156,3.0,5887.386389850058,4742.0,0.07352941176470588,20417456,6807960,16820987,2.999056398686244,1.21380844061053,0
Qwen3.6,16384,Q3.5-9B,current,aime2026_pt,3516,1172,3.0,6515.067406143345,5113.0,0.07337883959044368,22906977,5787181,12750245,3.9582271575746466,1.7965911243274149,0
Gemma4,16384,Q3.5-9B,current,aime2026_pt,3516,1172,3.0,6493.899317406143,5964.5,0.017349260523321957,22832550,5787181,12750245,3.9453664919068543,1.7907538247304267,0
Qwen3.6,16384,Q3.5-9B,current,aime2026_tr,2499,833,3.0,5845.041616646658,4861.0,0.04441776710684274,14606759,3904425,14782982,3.7410781357050014,0.988079333384834,0
Gemma4,16384,Q3.5-9B,current,aime2026_tr,2499,833,3.0,6528.5666266506605,5891.0,0.023609443777511004,16314888,3904425,14782982,4.178563552891911,1.103626318424794,0
Qwen3.6,16384,Q3.5-9B,current,tubitak_math2026,3354,1118,3.0,5169.13595706619,4719.0,0.006261180679785331,17337282,5717372,14171990,3.0323865580200136,1.2233484500059624,0
Gemma4,16384,Q3.5-9B,current,tubitak_math2026,3354,1118,3.0,6896.288610614192,5575.5,0.0518783542039356,23130152,5717372,14171990,4.045591575989808,1.6321033249388406,0
Qwen3.6,16384,G4-E2B,current,aime2026,102,34,3.0,7436.186274509804,5008.0,0.16666666666666666,758491,127735,7108482,5.938004462363487,0.10670224669627074,0
Gemma4,16384,G4-E2B,current,aime2026,102,34,3.0,8512.980392156862,8418.0,0.0196078431372549,868324,127735,7108482,6.797854934043136,0.12215322483759543,0
Qwen3.6,16384,G4-E2B,current,aime2026_pt,1404,468,3.0,7661.286324786325,5239.0,0.15954415954415954,10756446,1361736,7670323,7.89906854192002,1.4023458986016626,0
Gemma4,16384,G4-E2B,current,aime2026_pt,1404,468,3.0,7960.5698005698005,7550.5,0.019230769230769232,11176640,1361736,7670323,8.207640834934232,1.4571276854964257,0
Qwen3.6,16384,G4-E2B,current,aime2026_tr,849,283,3.0,7500.077738515901,5665.0,0.12838633686690223,6367566,628234,6496679,10.135659642744583,0.980126307610396,0
Gemma4,16384,G4-E2B,current,aime2026_tr,849,283,3.0,7496.862190812721,6593.0,0.02237926972909305,6364836,628234,6496679,10.13131412817517,0.9797060929130098,0
Qwen3.6,16384,G4-E2B,current,tubitak_math2026,1602,534,3.0,6157.793383270911,5387.0,0.02247191011235955,9864785,1308001,7392585,7.541878790612546,1.334416175126833,0
Gemma4,16384,G4-E2B,current,tubitak_math2026,1602,534,3.0,8539.549313358302,8167.5,0.09051186017478152,13680358,1308001,7392585,10.458981300473011,1.8505513294740608,0
Qwen3.6,16384,G4-E4B,current,aime2026,210,70,3.0,6297.77619047619,5139.5,0.09523809523809523,1322533,267378,7229500,4.946304482792152,0.18293561103810776,0
Gemma4,16384,G4-E4B,current,aime2026,210,70,3.0,7533.938095238095,7237.0,0.01904761904761905,1582127,267378,7229500,5.917192139966639,0.21884321184037622,0
Qwen3.6,16384,G4-E4B,current,aime2026_pt,1692,564,3.0,7664.112884160757,5576.0,0.14598108747044916,12967679,1424366,6311589,9.104176173820493,2.054582292985174,0
Gemma4,16384,G4-E4B,current,aime2026_pt,1692,564,3.0,7235.45744680851,6812.0,0.02541371158392435,12242394,1424366,6311589,8.59497769533954,1.9396690754103285,0
Qwen3.6,16384,G4-E4B,current,aime2026_tr,1440,480,3.0,7424.107638888889,5328.5,0.1451388888888889,10690715,1142203,6034454,9.35973290211985,1.7716126429996815,0
Gemma4,16384,G4-E4B,current,aime2026_tr,1440,480,3.0,6528.972222222223,5978.0,0.007638888888888889,9401720,1142203,6034454,8.231216342454012,1.5580067393006891,0
Qwen3.6,16384,G4-E4B,current,tubitak_math2026,2049,683,3.0,5829.037579306979,5153.0,0.02440214738897023,11943698,1713609,5859001,6.969908538062066,2.038521242785246,0
Gemma4,16384,G4-E4B,current,tubitak_math2026,2049,683,3.0,7814.867740361152,6526.0,0.07515861395802831,16012664,1713609,5859001,9.34440937226637,2.733002435056761,0
