model,benchmark,error_type,n_solutions,gen_yes,gen_no,gen_invalid,maj_yes,cot_false,maj_invalid,veto_no,correct_any,correct_maj,correct_all,veto_any,veto_maj,veto_all,cot_false_%,veto_%,correct_any_%,correct_maj_%,correct_all_%,veto_any_%,veto_maj_%,veto_all_%
Qwen3.5-4B,aime2026,boxed_only,150,198,251,1,60,89,1,131,119,60,19,131,89,31,59.3,87.3,79.3,40.0,12.7,87.3,59.3,20.7
Qwen3.5-4B,aime2026,clean,150,428,19,3,146,4,0,14,149,146,134,14,4,1,2.7,9.3,99.3,97.3,89.3,9.3,2.7,0.7
Qwen3.5-4B,aime2026,consistent_error,127,192,188,1,63,64,0,89,92,63,37,89,64,35,50.4,70.1,72.4,49.6,29.1,70.1,50.4,27.6
Qwen3.5-4B,aime2026,intermediate_error,147,421,18,2,143,3,1,13,145,143,133,13,3,2,2.0,8.8,98.6,97.3,90.5,8.8,2.0,1.4
Qwen3.5-4B,aime2026,truncated,150,372,74,4,126,23,1,35,132,126,114,35,23,16,15.3,23.3,88.0,84.0,76.0,23.3,15.3,10.7
Qwen3.5-4B,aime2026_pt,boxed_only,150,91,358,1,20,130,0,144,65,20,6,144,130,84,86.7,96.0,43.3,13.3,4.0,96.0,86.7,56.0
Qwen3.5-4B,aime2026_pt,clean,150,412,37,1,136,14,0,18,145,136,131,18,14,5,9.3,12.0,96.7,90.7,87.3,12.0,9.3,3.3
Qwen3.5-4B,aime2026_pt,consistent_error,133,128,271,0,38,95,0,122,79,38,11,122,95,54,71.4,91.7,59.4,28.6,8.3,91.7,71.4,40.6
Qwen3.5-4B,aime2026_pt,intermediate_error,150,406,42,2,135,15,0,22,143,135,128,22,15,6,10.0,14.7,95.3,90.0,85.3,14.7,10.0,4.0
Qwen3.5-4B,aime2026_pt,truncated,150,350,96,4,116,34,0,42,129,116,105,42,34,20,22.7,28.0,86.0,77.3,70.0,28.0,22.7,13.3
Qwen3.5-4B,aime2026_tr,boxed_only,150,107,343,0,29,121,0,141,69,29,9,141,121,81,80.7,94.0,46.0,19.3,6.0,94.0,80.7,54.0
Qwen3.5-4B,aime2026_tr,clean,150,410,37,3,140,10,0,18,141,140,129,18,10,9,6.7,12.0,94.0,93.3,86.0,12.0,6.7,6.0
Qwen3.5-4B,aime2026_tr,consistent_error,130,136,251,3,42,88,0,112,76,42,18,112,88,51,67.7,86.2,58.5,32.3,13.8,86.2,67.7,39.2
Qwen3.5-4B,aime2026_tr,intermediate_error,148,414,29,1,139,8,1,15,142,139,133,15,8,6,5.4,10.1,95.9,93.9,89.9,10.1,5.4,4.1
Qwen3.5-4B,aime2026_tr,truncated,150,368,78,4,126,24,0,43,135,126,107,43,24,12,16.0,28.7,90.0,84.0,71.3,28.7,16.0,8.0
Qwen3.5-4B,pt_exams_math,boxed_only,142,30,396,0,3,139,0,142,27,3,0,142,139,115,97.9,100.0,19.0,2.1,0.0,100.0,97.9,81.0
Qwen3.5-4B,pt_exams_math,clean,150,449,1,0,150,0,0,1,150,150,149,1,0,0,0.0,0.7,100.0,100.0,99.3,0.7,0.0,0.0
Qwen3.5-4B,pt_exams_math,consistent_error,105,42,272,1,12,93,0,99,24,12,6,99,93,80,88.6,94.3,22.9,11.4,5.7,94.3,88.6,76.2
Qwen3.5-4B,pt_exams_math,intermediate_error,149,445,2,0,149,0,0,2,149,149,147,2,0,0,0.0,1.3,100.0,100.0,98.7,1.3,0.0,0.0
Qwen3.5-4B,pt_exams_math,truncated,150,445,5,0,148,2,0,3,150,148,147,3,2,0,1.3,2.0,100.0,98.7,98.0,2.0,1.3,0.0
Qwen3.5-4B,tubitak_math2026,boxed_only,150,111,337,2,33,116,1,136,64,33,14,136,116,85,77.3,90.7,42.7,22.0,9.3,90.7,77.3,56.7
Qwen3.5-4B,tubitak_math2026,clean,150,317,129,4,108,42,0,54,113,108,96,54,42,33,28.0,36.0,75.3,72.0,64.0,36.0,28.0,22.0
Qwen3.5-4B,tubitak_math2026,consistent_error,72,24,191,1,3,69,0,71,20,3,1,71,69,51,95.8,98.6,27.8,4.2,1.4,98.6,95.8,70.8
Qwen3.5-4B,tubitak_math2026,intermediate_error,150,313,135,2,104,46,0,56,116,104,93,56,46,33,30.7,37.3,77.3,69.3,62.0,37.3,30.7,22.0
Qwen3.5-4B,tubitak_math2026,truncated,150,260,187,3,89,60,1,76,97,89,74,76,60,51,40.0,50.7,64.7,59.3,49.3,50.7,40.0,34.0
Qwen3.5-9B,aime2026,boxed_only,150,192,256,2,57,93,0,131,118,57,17,131,93,32,62.0,87.3,78.7,38.0,11.3,87.3,62.0,21.3
Qwen3.5-9B,aime2026,clean,150,430,19,1,144,6,0,11,148,144,138,11,6,2,4.0,7.3,98.7,96.0,92.0,7.3,4.0,1.3
Qwen3.5-9B,aime2026,consistent_error,127,182,198,1,57,69,1,95,93,57,32,95,69,34,54.3,74.8,73.2,44.9,25.2,74.8,54.3,26.8
Qwen3.5-9B,aime2026,intermediate_error,150,434,15,1,148,2,0,12,149,148,137,12,2,1,1.3,8.0,99.3,98.7,91.3,8.0,1.3,0.7
Qwen3.5-9B,aime2026,truncated,150,383,61,6,128,21,1,32,138,128,117,32,21,8,14.0,21.3,92.0,85.3,78.0,21.3,14.0,5.3
Qwen3.5-9B,aime2026_pt,boxed_only,150,87,362,1,17,133,0,147,67,17,3,147,133,82,88.7,98.0,44.7,11.3,2.0,98.0,88.7,54.7
Qwen3.5-9B,aime2026_pt,clean,150,427,23,0,144,6,0,13,146,144,137,13,6,4,4.0,8.7,97.3,96.0,91.3,8.7,4.0,2.7
Qwen3.5-9B,aime2026_pt,consistent_error,133,139,259,1,41,92,0,116,81,41,17,116,92,51,69.2,87.2,60.9,30.8,12.8,87.2,69.2,38.3
Qwen3.5-9B,aime2026_pt,intermediate_error,150,421,29,0,142,8,0,15,144,142,135,15,8,6,5.3,10.0,96.0,94.7,90.0,10.0,5.3,4.0
Qwen3.5-9B,aime2026_pt,truncated,150,380,68,2,129,21,0,31,134,129,117,31,21,16,14.0,20.7,89.3,86.0,78.0,20.7,14.0,10.7
Qwen3.5-9B,aime2026_tr,boxed_only,150,104,346,0,22,128,0,145,77,22,5,145,128,73,85.3,96.7,51.3,14.7,3.3,96.7,85.3,48.7
Qwen3.5-9B,aime2026_tr,clean,150,424,26,0,145,5,0,19,148,145,131,19,5,2,3.3,12.7,98.7,96.7,87.3,12.7,3.3,1.3
Qwen3.5-9B,aime2026_tr,consistent_error,132,141,254,1,38,94,0,115,87,38,16,115,94,45,71.2,87.1,65.9,28.8,12.1,87.1,71.2,34.1
Qwen3.5-9B,aime2026_tr,intermediate_error,148,424,20,0,143,5,0,13,146,143,135,13,5,2,3.4,8.8,98.6,96.6,91.2,8.8,3.4,1.4
Qwen3.5-9B,aime2026_tr,truncated,150,374,72,4,128,20,2,36,134,128,112,36,20,16,13.3,24.0,89.3,85.3,74.7,24.0,13.3,10.7
Qwen3.5-9B,pt_exams_math,boxed_only,142,34,392,0,4,138,0,142,30,4,0,142,138,112,97.2,100.0,21.1,2.8,0.0,100.0,97.2,78.9
Qwen3.5-9B,pt_exams_math,clean,150,447,3,0,150,0,0,3,150,150,147,3,0,0,0.0,2.0,100.0,100.0,98.0,2.0,0.0,0.0
Qwen3.5-9B,pt_exams_math,consistent_error,105,33,282,0,8,97,0,101,21,8,4,101,97,84,92.4,96.2,20.0,7.6,3.8,96.2,92.4,80.0
Qwen3.5-9B,pt_exams_math,intermediate_error,149,438,9,0,146,3,0,5,148,146,144,5,3,1,2.0,3.4,99.3,98.0,96.6,3.4,2.0,0.7
Qwen3.5-9B,pt_exams_math,truncated,150,447,3,0,149,1,0,2,150,149,148,2,1,0,0.7,1.3,100.0,99.3,98.7,1.3,0.7,0.0
Qwen3.5-9B,tubitak_math2026,boxed_only,150,97,353,0,27,123,0,141,61,27,9,141,123,89,82.0,94.0,40.7,18.0,6.0,94.0,82.0,59.3
Qwen3.5-9B,tubitak_math2026,clean,150,337,112,1,112,38,0,48,123,112,102,48,38,26,25.3,32.0,82.0,74.7,68.0,32.0,25.3,17.3
Qwen3.5-9B,tubitak_math2026,consistent_error,76,36,192,0,9,67,0,73,24,9,3,73,67,52,88.2,96.1,31.6,11.8,3.9,96.1,88.2,68.4
Qwen3.5-9B,tubitak_math2026,intermediate_error,150,339,109,2,113,37,0,43,120,113,106,43,37,29,24.7,28.7,80.0,75.3,70.7,28.7,24.7,19.3
Qwen3.5-9B,tubitak_math2026,truncated,150,290,160,0,97,53,0,64,107,97,86,64,53,43,35.3,42.7,71.3,64.7,57.3,42.7,35.3,28.7
