benchmark,question,error_type,n_solutions,cot_false,maj_yes,veto_no,correct_any,correct_maj,correct_all,veto_any,veto_maj,veto_all
aime2026,AIME2026/1,boxed_only,11,8,3,9,7,3,2,9,8,4
aime2026,AIME2026/1,clean,11,0,11,0,11,11,11,0,0,0
aime2026,AIME2026/1,consistent_error,11,2,9,4,10,9,7,4,2,1
aime2026,AIME2026/1,intermediate_error,11,0,11,0,11,11,11,0,0,0
aime2026,AIME2026/1,truncated,11,0,11,0,11,11,11,0,0,0
aime2026,AIME2026/10,boxed_only,10,7,3,10,6,3,0,10,7,4
aime2026,AIME2026/10,clean,10,5,5,7,7,5,3,7,5,3
aime2026,AIME2026/10,consistent_error,3,3,0,3,0,0,0,3,3,3
aime2026,AIME2026/10,intermediate_error,10,3,7,6,9,7,4,6,3,1
aime2026,AIME2026/10,truncated,10,7,3,8,4,3,2,8,7,4
aime2026,AIME2026/11,boxed_only,11,8,3,11,8,3,0,11,8,3
aime2026,AIME2026/11,clean,11,1,10,5,11,10,6,5,1,0
aime2026,AIME2026/11,intermediate_error,11,1,10,5,10,10,6,5,1,1
aime2026,AIME2026/11,truncated,11,7,4,9,8,4,2,9,7,3
aime2026,AIME2026/12,boxed_only,10,3,7,7,9,7,2,7,3,1
aime2026,AIME2026/12,clean,10,0,10,0,10,10,10,0,0,0
aime2026,AIME2026/12,consistent_error,10,2,8,5,10,8,4,5,2,0
aime2026,AIME2026/12,intermediate_error,10,0,10,0,10,10,10,0,0,0
aime2026,AIME2026/12,truncated,10,0,10,1,10,10,9,1,0,0
aime2026,AIME2026/13,boxed_only,10,3,7,9,9,7,1,9,3,1
aime2026,AIME2026/13,clean,10,0,10,1,10,10,9,1,0,0
aime2026,AIME2026/13,consistent_error,9,8,1,9,4,1,0,9,8,5
aime2026,AIME2026/13,intermediate_error,10,0,10,0,10,10,10,0,0,0
aime2026,AIME2026/13,truncated,10,0,10,2,10,10,8,2,0,0
aime2026,AIME2026/14,boxed_only,11,5,6,9,11,6,2,9,5,0
aime2026,AIME2026/14,clean,11,0,11,0,11,11,11,0,0,0
aime2026,AIME2026/14,consistent_error,11,2,9,4,11,9,7,4,2,0
aime2026,AIME2026/14,intermediate_error,11,0,11,1,11,11,10,1,0,0
aime2026,AIME2026/14,truncated,11,2,9,2,10,9,9,2,2,0
aime2026,AIME2026/16,boxed_only,10,6,4,10,7,4,0,10,6,3
aime2026,AIME2026/16,clean,10,0,10,0,10,10,10,0,0,0
aime2026,AIME2026/16,consistent_error,10,4,6,6,9,6,4,6,4,1
aime2026,AIME2026/16,intermediate_error,10,0,10,0,10,10,10,0,0,0
aime2026,AIME2026/16,truncated,10,0,10,0,10,10,10,0,0,0
aime2026,AIME2026/17,boxed_only,10,5,5,9,7,5,1,9,5,3
aime2026,AIME2026/17,clean,10,0,10,0,10,10,9,0,0,0
aime2026,AIME2026/17,consistent_error,9,7,2,9,3,2,0,9,7,6
aime2026,AIME2026/17,intermediate_error,7,0,7,0,7,7,7,0,0,0
aime2026,AIME2026/17,truncated,10,2,7,3,8,7,7,3,2,2
aime2026,AIME2026/18,boxed_only,11,10,1,11,9,1,0,11,10,2
aime2026,AIME2026/18,clean,11,0,11,1,11,11,10,1,0,0
aime2026,AIME2026/18,consistent_error,11,11,0,11,6,0,0,11,11,5
aime2026,AIME2026/18,intermediate_error,11,0,11,0,11,11,11,0,0,0
aime2026,AIME2026/18,truncated,11,1,10,3,11,10,8,3,1,0
aime2026,AIME2026/19,boxed_only,10,6,3,9,8,3,1,9,6,2
aime2026,AIME2026/19,clean,10,1,9,3,10,9,7,3,1,0
aime2026,AIME2026/19,consistent_error,10,8,2,9,4,2,1,9,8,6
aime2026,AIME2026/19,intermediate_error,10,0,10,1,10,10,9,1,0,0
aime2026,AIME2026/19,truncated,10,0,10,0,10,10,10,0,0,0
aime2026,AIME2026/2,boxed_only,11,9,2,11,9,2,0,11,9,2
aime2026,AIME2026/2,clean,11,0,11,1,11,11,10,1,0,0
aime2026,AIME2026/2,consistent_error,9,5,4,7,6,4,2,7,5,3
aime2026,AIME2026/2,intermediate_error,11,0,11,0,11,11,11,0,0,0
aime2026,AIME2026/2,truncated,11,0,11,2,11,11,9,2,0,0
aime2026,AIME2026/20,boxed_only,11,6,5,10,9,5,1,10,6,2
aime2026,AIME2026/20,clean,11,0,11,0,11,11,11,0,0,0
aime2026,AIME2026/20,consistent_error,11,10,1,11,5,1,0,11,10,6
aime2026,AIME2026/20,intermediate_error,11,0,11,0,11,11,11,0,0,0
aime2026,AIME2026/20,truncated,11,0,11,0,11,11,11,0,0,0
aime2026,AIME2026/21,boxed_only,10,7,3,9,8,3,1,9,7,2
aime2026,AIME2026/21,clean,10,0,10,0,10,10,9,0,0,0
aime2026,AIME2026/21,consistent_error,9,0,9,2,9,9,7,2,0,0
aime2026,AIME2026/21,intermediate_error,10,0,10,1,10,10,9,1,0,0
aime2026,AIME2026/21,truncated,10,0,10,0,10,10,10,0,0,0
aime2026,AIME2026/22,boxed_only,10,6,4,8,8,4,2,8,6,2
aime2026,AIME2026/22,clean,10,0,10,0,10,10,10,0,0,0
aime2026,AIME2026/22,consistent_error,10,0,10,1,10,10,9,1,0,0
aime2026,AIME2026/22,intermediate_error,10,0,10,0,10,10,10,0,0,0
aime2026,AIME2026/22,truncated,10,0,10,0,10,10,10,0,0,0
aime2026,AIME2026/23,boxed_only,10,5,5,10,10,5,0,10,5,0
aime2026,AIME2026/23,clean,10,2,8,2,10,8,8,2,2,0
aime2026,AIME2026/23,consistent_error,4,4,0,4,0,0,0,4,4,4
aime2026,AIME2026/23,intermediate_error,10,1,9,3,9,9,7,3,1,1
aime2026,AIME2026/23,truncated,10,3,7,6,9,7,3,6,3,0
aime2026,AIME2026/24,boxed_only,11,6,5,8,9,5,3,8,6,2
aime2026,AIME2026/24,clean,11,0,11,0,11,11,11,0,0,0
aime2026,AIME2026/24,consistent_error,10,5,4,9,7,4,1,9,5,3
aime2026,AIME2026/24,intermediate_error,11,0,11,4,11,11,7,4,0,0
aime2026,AIME2026/24,truncated,11,0,11,3,11,11,8,3,0,0
aime2026,AIME2026/25,boxed_only,10,5,5,8,7,5,2,8,5,3
aime2026,AIME2026/25,clean,10,0,10,0,10,10,10,0,0,0
aime2026,AIME2026/25,consistent_error,10,4,6,7,10,6,3,7,4,0
aime2026,AIME2026/25,intermediate_error,10,0,10,0,10,10,10,0,0,0
aime2026,AIME2026/25,truncated,10,0,10,0,10,10,10,0,0,0
aime2026,AIME2026/26,boxed_only,11,5,6,9,9,6,2,9,5,2
aime2026,AIME2026/26,clean,11,1,10,1,11,10,10,1,1,0
aime2026,AIME2026/26,consistent_error,10,9,1,9,5,1,1,9,9,5
aime2026,AIME2026/26,intermediate_error,11,0,11,1,11,11,10,1,0,0
aime2026,AIME2026/26,truncated,11,0,10,3,11,10,8,3,0,0
aime2026,AIME2026/27,boxed_only,10,2,8,6,10,8,4,6,2,0
aime2026,AIME2026/27,clean,10,0,10,0,10,10,10,0,0,0
aime2026,AIME2026/27,consistent_error,10,1,9,5,10,9,5,5,1,0
aime2026,AIME2026/27,intermediate_error,10,0,10,1,10,10,9,1,0,0
aime2026,AIME2026/27,truncated,10,1,9,1,9,9,9,1,1,1
aime2026,AIME2026/28,boxed_only,12,9,3,11,9,3,1,11,9,3
aime2026,AIME2026/28,clean,12,0,12,1,12,12,10,1,0,0
aime2026,AIME2026/28,consistent_error,12,11,1,12,6,1,0,12,11,6
aime2026,AIME2026/28,intermediate_error,12,0,11,1,12,11,11,1,0,0
aime2026,AIME2026/28,truncated,12,7,5,9,8,5,2,9,7,3
aime2026,AIME2026/29,boxed_only,10,5,5,8,8,5,2,8,5,2
aime2026,AIME2026/29,clean,10,0,10,0,10,10,10,0,0,0
aime2026,AIME2026/29,consistent_error,10,5,5,8,8,5,2,8,5,2
aime2026,AIME2026/29,intermediate_error,10,0,10,0,10,10,10,0,0,0
aime2026,AIME2026/29,truncated,10,7,3,8,4,3,2,8,7,6
aime2026,AIME2026/3,boxed_only,10,6,4,7,8,4,3,7,6,2
aime2026,AIME2026/3,clean,10,0,10,0,10,10,10,0,0,0
aime2026,AIME2026/3,consistent_error,9,2,7,6,8,7,3,6,2,1
aime2026,AIME2026/3,intermediate_error,10,0,10,0,10,10,10,0,0,0
aime2026,AIME2026/3,truncated,10,0,10,0,10,10,10,0,0,0
aime2026,AIME2026/30,boxed_only,8,3,5,5,8,5,3,5,3,0
aime2026,AIME2026/30,clean,8,0,8,2,8,8,6,2,0,0
aime2026,AIME2026/30,consistent_error,8,5,3,7,6,3,1,7,5,2
aime2026,AIME2026/30,intermediate_error,8,0,8,1,8,8,7,1,0,0
aime2026,AIME2026/30,truncated,8,5,3,5,3,3,3,5,5,4
aime2026,AIME2026/4,boxed_only,11,8,3,11,8,3,0,11,8,3
aime2026,AIME2026/4,clean,11,0,11,0,11,11,11,0,0,0
aime2026,AIME2026/4,consistent_error,11,6,5,10,9,5,1,10,6,2
aime2026,AIME2026/4,intermediate_error,11,0,11,0,11,11,11,0,0,0
aime2026,AIME2026/4,truncated,11,0,11,0,11,11,11,0,0,0
aime2026,AIME2026/5,boxed_only,10,9,1,10,7,1,0,10,9,3
aime2026,AIME2026/5,clean,10,0,10,0,10,10,10,0,0,0
aime2026,AIME2026/5,consistent_error,10,1,9,4,10,9,6,4,1,0
aime2026,AIME2026/5,intermediate_error,10,0,10,0,10,10,9,0,0,0
aime2026,AIME2026/5,truncated,10,0,10,0,10,10,10,0,0,0
aime2026,AIME2026/6,boxed_only,11,9,2,11,7,2,0,11,9,4
aime2026,AIME2026/6,clean,11,0,11,0,11,11,11,0,0,0
aime2026,AIME2026/6,consistent_error,11,9,2,11,6,2,0,11,9,5
aime2026,AIME2026/6,intermediate_error,11,0,11,0,11,11,11,0,0,0
aime2026,AIME2026/6,truncated,11,0,11,0,11,11,11,0,0,0
aime2026,AIME2026/7,boxed_only,10,8,2,9,8,2,1,9,8,2
aime2026,AIME2026/7,clean,10,0,10,1,10,10,9,1,0,0
aime2026,AIME2026/7,consistent_error,10,7,3,8,7,3,2,8,7,3
aime2026,AIME2026/7,intermediate_error,10,0,10,0,10,10,10,0,0,0
aime2026,AIME2026/7,truncated,10,1,9,1,10,9,9,1,1,0
aime2026,AIME2026/8,boxed_only,10,6,4,9,7,4,1,9,6,3
aime2026,AIME2026/8,clean,10,0,10,0,10,10,10,0,0,0
aime2026,AIME2026/8,intermediate_error,10,0,10,0,10,10,10,0,0,0
aime2026,AIME2026/8,truncated,10,0,10,0,10,10,10,0,0,0
aime2026,AIME2026/9,boxed_only,10,7,3,8,7,3,1,8,7,3
aime2026,AIME2026/9,clean,10,0,10,0,10,10,10,0,0,0
aime2026,AIME2026/9,consistent_error,6,2,4,3,6,4,3,3,2,0
aime2026,AIME2026/9,intermediate_error,10,0,10,0,10,10,9,0,0,0
aime2026,AIME2026/9,truncated,10,1,9,1,9,9,9,1,1,1
aime2026_pt,AIME2026-PT/1,boxed_only,10,10,0,10,3,0,0,10,10,6
aime2026_pt,AIME2026-PT/1,clean,10,0,10,0,10,10,10,0,0,0
aime2026_pt,AIME2026-PT/1,consistent_error,10,6,4,7,9,4,3,7,6,1
aime2026_pt,AIME2026-PT/1,intermediate_error,10,0,10,0,10,10,10,0,0,0
aime2026_pt,AIME2026-PT/1,truncated,10,0,10,0,10,10,10,0,0,0
aime2026_pt,AIME2026-PT/10,boxed_only,7,7,0,7,1,0,0,7,7,6
aime2026_pt,AIME2026-PT/10,clean,7,5,2,6,4,2,1,6,5,3
aime2026_pt,AIME2026-PT/10,consistent_error,6,6,0,6,0,0,0,6,6,6
aime2026_pt,AIME2026-PT/10,intermediate_error,7,5,2,7,4,2,0,7,5,3
aime2026_pt,AIME2026-PT/10,truncated,7,7,0,7,2,0,0,7,7,4
aime2026_pt,AIME2026-PT/11,boxed_only,11,11,0,11,6,0,0,11,11,5
aime2026_pt,AIME2026-PT/11,clean,11,3,8,6,10,8,5,6,3,1
aime2026_pt,AIME2026-PT/11,intermediate_error,11,2,9,3,10,9,8,3,2,1
aime2026_pt,AIME2026-PT/11,truncated,11,6,5,8,8,5,2,8,6,3
aime2026_pt,AIME2026-PT/12,boxed_only,11,8,3,11,7,3,0,11,8,4
aime2026_pt,AIME2026-PT/12,clean,11,0,11,0,11,11,11,0,0,0
aime2026_pt,AIME2026-PT/12,consistent_error,11,7,4,11,9,4,0,11,7,2
aime2026_pt,AIME2026-PT/12,intermediate_error,11,0,11,0,11,11,11,0,0,0
aime2026_pt,AIME2026-PT/12,truncated,11,2,9,2,10,9,9,2,2,1
aime2026_pt,AIME2026-PT/13,boxed_only,11,10,1,11,2,1,0,11,10,9
aime2026_pt,AIME2026-PT/13,clean,11,1,10,2,11,10,8,2,1,0
aime2026_pt,AIME2026-PT/13,consistent_error,9,9,0,9,2,0,0,9,9,6
aime2026_pt,AIME2026-PT/13,intermediate_error,11,1,10,1,10,10,10,1,1,1
aime2026_pt,AIME2026-PT/13,truncated,11,3,8,4,10,8,6,4,3,1
aime2026_pt,AIME2026-PT/14,boxed_only,11,9,2,11,6,2,0,11,9,5
aime2026_pt,AIME2026-PT/14,clean,11,0,11,0,11,11,11,0,0,0
aime2026_pt,AIME2026-PT/14,consistent_error,11,3,8,7,11,8,4,7,3,0
aime2026_pt,AIME2026-PT/14,intermediate_error,11,0,11,1,11,11,10,1,0,0
aime2026_pt,AIME2026-PT/14,truncated,11,2,9,2,9,9,9,2,2,2
aime2026_pt,AIME2026-PT/16,boxed_only,11,11,0,11,1,0,0,11,11,10
aime2026_pt,AIME2026-PT/16,clean,11,0,11,0,11,11,11,0,0,0
aime2026_pt,AIME2026-PT/16,consistent_error,11,6,5,10,7,5,1,10,6,4
aime2026_pt,AIME2026-PT/16,intermediate_error,11,0,11,0,11,11,11,0,0,0
aime2026_pt,AIME2026-PT/16,truncated,11,0,11,0,11,11,11,0,0,0
aime2026_pt,AIME2026-PT/17,boxed_only,11,11,0,11,8,0,0,11,11,3
aime2026_pt,AIME2026-PT/17,clean,11,2,9,2,10,9,9,2,2,1
aime2026_pt,AIME2026-PT/17,consistent_error,10,9,1,10,4,1,0,10,9,6
aime2026_pt,AIME2026-PT/17,intermediate_error,11,2,9,2,9,9,9,2,2,2
aime2026_pt,AIME2026-PT/17,truncated,11,7,4,7,7,4,4,7,7,4
aime2026_pt,AIME2026-PT/18,boxed_only,10,9,1,10,5,1,0,10,9,5
aime2026_pt,AIME2026-PT/18,clean,10,1,9,1,9,9,9,1,1,1
aime2026_pt,AIME2026-PT/18,consistent_error,10,10,0,10,4,0,0,10,10,6
aime2026_pt,AIME2026-PT/18,intermediate_error,10,1,9,1,9,9,9,1,1,1
aime2026_pt,AIME2026-PT/18,truncated,10,1,9,2,9,9,8,2,1,1
aime2026_pt,AIME2026-PT/19,boxed_only,10,8,2,10,5,2,0,10,8,5
aime2026_pt,AIME2026-PT/19,clean,10,0,10,0,10,10,10,0,0,0
aime2026_pt,AIME2026-PT/19,consistent_error,10,6,4,9,6,4,1,9,6,4
aime2026_pt,AIME2026-PT/19,intermediate_error,10,0,10,0,10,10,10,0,0,0
aime2026_pt,AIME2026-PT/19,truncated,10,0,10,2,10,10,8,2,0,0
aime2026_pt,AIME2026-PT/2,boxed_only,12,10,2,12,5,2,0,12,10,7
aime2026_pt,AIME2026-PT/2,clean,12,0,12,0,12,12,12,0,0,0
aime2026_pt,AIME2026-PT/2,consistent_error,12,8,4,12,8,4,0,12,8,4
aime2026_pt,AIME2026-PT/2,intermediate_error,12,1,11,1,12,11,11,1,1,0
aime2026_pt,AIME2026-PT/2,truncated,12,1,11,1,12,11,11,1,1,0
aime2026_pt,AIME2026-PT/20,boxed_only,11,11,0,11,2,0,0,11,11,9
aime2026_pt,AIME2026-PT/20,clean,11,1,10,1,11,10,10,1,1,0
aime2026_pt,AIME2026-PT/20,consistent_error,11,9,2,11,4,2,0,11,9,7
aime2026_pt,AIME2026-PT/20,intermediate_error,11,1,10,1,11,10,10,1,1,0
aime2026_pt,AIME2026-PT/20,truncated,11,1,10,1,11,10,10,1,1,0
aime2026_pt,AIME2026-PT/21,boxed_only,11,10,1,11,6,1,0,11,10,5
aime2026_pt,AIME2026-PT/21,clean,11,0,11,0,11,11,11,0,0,0
aime2026_pt,AIME2026-PT/21,consistent_error,10,2,8,6,10,8,4,6,2,0
aime2026_pt,AIME2026-PT/21,intermediate_error,11,0,11,1,11,11,10,1,0,0
aime2026_pt,AIME2026-PT/21,truncated,11,0,11,0,11,11,11,0,0,0
aime2026_pt,AIME2026-PT/22,boxed_only,10,6,4,8,7,4,2,8,6,3
aime2026_pt,AIME2026-PT/22,clean,10,0,10,0,10,10,10,0,0,0
aime2026_pt,AIME2026-PT/22,consistent_error,10,5,5,7,10,5,3,7,5,0
aime2026_pt,AIME2026-PT/22,intermediate_error,10,0,10,0,10,10,10,0,0,0
aime2026_pt,AIME2026-PT/22,truncated,10,0,10,2,10,10,8,2,0,0
aime2026_pt,AIME2026-PT/23,boxed_only,12,11,1,12,7,1,0,12,11,5
aime2026_pt,AIME2026-PT/23,clean,12,0,12,1,12,12,11,1,0,0
aime2026_pt,AIME2026-PT/23,consistent_error,8,8,0,8,0,0,0,8,8,8
aime2026_pt,AIME2026-PT/23,intermediate_error,12,0,12,2,12,12,10,2,0,0
aime2026_pt,AIME2026-PT/23,truncated,12,3,9,4,10,9,8,4,3,2
aime2026_pt,AIME2026-PT/24,boxed_only,11,10,1,11,4,1,0,11,10,7
aime2026_pt,AIME2026-PT/24,clean,11,2,9,2,10,9,9,2,2,1
aime2026_pt,AIME2026-PT/24,consistent_error,11,6,5,10,9,5,1,10,6,2
aime2026_pt,AIME2026-PT/24,intermediate_error,11,1,10,2,11,10,9,2,1,0
aime2026_pt,AIME2026-PT/24,truncated,11,1,10,4,10,10,7,4,1,1
aime2026_pt,AIME2026-PT/25,boxed_only,12,10,2,12,5,2,0,12,10,7
aime2026_pt,AIME2026-PT/25,clean,12,0,12,0,12,12,12,0,0,0
aime2026_pt,AIME2026-PT/25,consistent_error,12,11,1,12,8,1,0,12,11,4
aime2026_pt,AIME2026-PT/25,intermediate_error,12,0,12,1,12,12,11,1,0,0
aime2026_pt,AIME2026-PT/25,truncated,12,0,12,0,12,12,12,0,0,0
aime2026_pt,AIME2026-PT/26,boxed_only,11,10,1,11,3,1,0,11,10,8
aime2026_pt,AIME2026-PT/26,clean,11,0,11,2,11,11,9,2,0,0
aime2026_pt,AIME2026-PT/26,consistent_error,10,8,2,10,3,2,0,10,8,7
aime2026_pt,AIME2026-PT/26,intermediate_error,11,2,9,4,10,9,7,4,2,1
aime2026_pt,AIME2026-PT/26,truncated,11,1,10,2,10,10,7,2,1,1
aime2026_pt,AIME2026-PT/27,boxed_only,11,9,2,10,5,2,1,10,9,6
aime2026_pt,AIME2026-PT/27,clean,11,1,10,2,10,10,9,2,1,1
aime2026_pt,AIME2026-PT/27,consistent_error,11,4,7,9,11,7,2,9,4,0
aime2026_pt,AIME2026-PT/27,intermediate_error,11,2,9,2,9,9,9,2,2,2
aime2026_pt,AIME2026-PT/27,truncated,11,2,9,4,10,9,7,4,2,1
aime2026_pt,AIME2026-PT/28,boxed_only,11,9,2,10,3,2,1,10,9,7
aime2026_pt,AIME2026-PT/28,clean,11,3,8,5,10,8,6,5,3,1
aime2026_pt,AIME2026-PT/28,consistent_error,11,11,0,11,0,0,0,11,11,11
aime2026_pt,AIME2026-PT/28,intermediate_error,11,4,7,5,9,7,6,5,4,1
aime2026_pt,AIME2026-PT/28,truncated,11,7,4,8,6,4,2,8,7,5
aime2026_pt,AIME2026-PT/29,boxed_only,6,5,1,5,3,1,1,5,5,3
aime2026_pt,AIME2026-PT/29,clean,6,0,6,0,6,6,6,0,0,0
aime2026_pt,AIME2026-PT/29,consistent_error,6,6,0,6,2,0,0,6,6,4
aime2026_pt,AIME2026-PT/29,intermediate_error,6,0,6,2,6,6,4,2,0,0
aime2026_pt,AIME2026-PT/29,truncated,6,5,1,5,1,1,1,5,5,5
aime2026_pt,AIME2026-PT/3,boxed_only,11,8,3,10,6,3,1,10,8,5
aime2026_pt,AIME2026-PT/3,clean,11,0,11,0,11,11,11,0,0,0
aime2026_pt,AIME2026-PT/3,consistent_error,11,4,7,8,11,7,3,8,4,0
aime2026_pt,AIME2026-PT/3,intermediate_error,11,0,11,0,11,11,11,0,0,0
aime2026_pt,AIME2026-PT/3,truncated,11,0,11,0,11,11,11,0,0,0
aime2026_pt,AIME2026-PT/30,boxed_only,1,1,0,1,0,0,0,1,1,1
aime2026_pt,AIME2026-PT/30,clean,1,1,0,1,1,0,0,1,1,0
aime2026_pt,AIME2026-PT/30,consistent_error,1,1,0,1,0,0,0,1,1,1
aime2026_pt,AIME2026-PT/30,intermediate_error,1,1,0,1,1,0,0,1,1,0
aime2026_pt,AIME2026-PT/30,truncated,1,1,0,1,0,0,0,1,1,1
aime2026_pt,AIME2026-PT/4,boxed_only,12,10,2,12,5,2,0,12,10,7
aime2026_pt,AIME2026-PT/4,clean,12,0,12,0,12,12,12,0,0,0
aime2026_pt,AIME2026-PT/4,consistent_error,12,9,3,11,10,3,1,11,9,2
aime2026_pt,AIME2026-PT/4,intermediate_error,12,0,12,0,12,12,12,0,0,0
aime2026_pt,AIME2026-PT/4,truncated,12,0,12,0,12,12,12,0,0,0
aime2026_pt,AIME2026-PT/5,boxed_only,11,9,2,11,6,2,0,11,9,5
aime2026_pt,AIME2026-PT/5,clean,11,0,11,0,11,11,11,0,0,0
aime2026_pt,AIME2026-PT/5,consistent_error,11,2,9,6,11,9,5,6,2,0
aime2026_pt,AIME2026-PT/5,intermediate_error,11,0,11,0,11,11,11,0,0,0
aime2026_pt,AIME2026-PT/5,truncated,11,0,11,1,11,11,10,1,0,0
aime2026_pt,AIME2026-PT/6,boxed_only,11,11,0,11,4,0,0,11,11,7
aime2026_pt,AIME2026-PT/6,clean,11,0,11,0,11,11,11,0,0,0
aime2026_pt,AIME2026-PT/6,consistent_error,11,11,0,11,5,0,0,11,11,6
aime2026_pt,AIME2026-PT/6,intermediate_error,11,0,11,0,11,11,11,0,0,0
aime2026_pt,AIME2026-PT/6,truncated,11,0,11,0,11,11,11,0,0,0
aime2026_pt,AIME2026-PT/7,boxed_only,11,11,0,11,3,0,0,11,11,8
aime2026_pt,AIME2026-PT/7,clean,11,0,11,0,11,11,11,0,0,0
aime2026_pt,AIME2026-PT/7,consistent_error,11,11,0,11,1,0,0,11,11,10
aime2026_pt,AIME2026-PT/7,intermediate_error,11,0,11,0,11,11,11,0,0,0
aime2026_pt,AIME2026-PT/7,truncated,11,0,11,0,11,11,11,0,0,0
aime2026_pt,AIME2026-PT/8,boxed_only,10,10,0,10,4,0,0,10,10,6
aime2026_pt,AIME2026-PT/8,clean,10,0,10,0,10,10,10,0,0,0
aime2026_pt,AIME2026-PT/8,intermediate_error,10,0,10,0,10,10,10,0,0,0
aime2026_pt,AIME2026-PT/8,truncated,10,0,10,0,10,10,10,0,0,0
aime2026_pt,AIME2026-PT/9,boxed_only,12,8,4,9,10,4,3,9,8,2
aime2026_pt,AIME2026-PT/9,clean,12,0,12,0,12,12,12,0,0,0
aime2026_pt,AIME2026-PT/9,consistent_error,9,9,0,9,5,0,0,9,9,4
aime2026_pt,AIME2026-PT/9,intermediate_error,12,0,12,0,12,12,12,0,0,0
aime2026_pt,AIME2026-PT/9,truncated,12,5,7,6,8,7,6,6,5,4
aime2026_tr,AIME2026-TR/1,boxed_only,11,10,1,11,4,1,0,11,10,7
aime2026_tr,AIME2026-TR/1,clean,11,0,11,0,11,11,11,0,0,0
aime2026_tr,AIME2026-TR/1,consistent_error,11,6,5,7,9,5,4,7,6,2
aime2026_tr,AIME2026-TR/1,intermediate_error,11,0,11,0,11,11,11,0,0,0
aime2026_tr,AIME2026-TR/1,truncated,11,0,11,0,11,11,11,0,0,0
aime2026_tr,AIME2026-TR/10,boxed_only,10,9,1,10,4,1,0,10,9,6
aime2026_tr,AIME2026-TR/10,clean,10,1,9,6,9,9,4,6,1,1
aime2026_tr,AIME2026-TR/10,consistent_error,7,7,0,7,3,0,0,7,7,4
aime2026_tr,AIME2026-TR/10,intermediate_error,10,1,9,1,10,9,9,1,1,0
aime2026_tr,AIME2026-TR/10,truncated,10,3,7,9,7,7,0,9,3,3
aime2026_tr,AIME2026-TR/11,boxed_only,10,10,0,10,3,0,0,10,10,7
aime2026_tr,AIME2026-TR/11,clean,10,0,10,0,10,10,10,0,0,0
aime2026_tr,AIME2026-TR/11,intermediate_error,10,0,10,1,10,10,9,1,0,0
aime2026_tr,AIME2026-TR/11,truncated,10,2,8,4,10,8,6,4,2,0
aime2026_tr,AIME2026-TR/12,boxed_only,11,8,3,11,9,3,0,11,8,2
aime2026_tr,AIME2026-TR/12,clean,11,1,10,1,11,10,10,1,1,0
aime2026_tr,AIME2026-TR/12,consistent_error,11,8,3,11,7,3,0,11,8,3
aime2026_tr,AIME2026-TR/12,intermediate_error,11,2,9,2,11,9,9,2,2,0
aime2026_tr,AIME2026-TR/12,truncated,11,2,9,5,10,9,6,5,2,1
aime2026_tr,AIME2026-TR/13,boxed_only,11,9,2,11,6,2,0,11,9,5
aime2026_tr,AIME2026-TR/13,clean,11,1,10,2,10,10,9,2,1,1
aime2026_tr,AIME2026-TR/13,consistent_error,11,11,0,11,3,0,0,11,11,8
aime2026_tr,AIME2026-TR/13,intermediate_error,11,1,10,2,10,10,9,2,1,1
aime2026_tr,AIME2026-TR/13,truncated,11,1,10,2,10,10,9,2,1,1
aime2026_tr,AIME2026-TR/14,boxed_only,11,9,2,10,8,2,1,10,9,3
aime2026_tr,AIME2026-TR/14,clean,11,0,11,0,11,11,11,0,0,0
aime2026_tr,AIME2026-TR/14,consistent_error,11,4,7,7,11,7,4,7,4,0
aime2026_tr,AIME2026-TR/14,intermediate_error,11,0,11,0,11,11,11,0,0,0
aime2026_tr,AIME2026-TR/14,truncated,11,2,9,4,10,9,7,4,2,1
aime2026_tr,AIME2026-TR/16,boxed_only,11,10,1,11,4,1,0,11,10,7
aime2026_tr,AIME2026-TR/16,clean,11,0,11,1,11,11,10,1,0,0
aime2026_tr,AIME2026-TR/16,consistent_error,11,7,4,8,10,4,3,8,7,1
aime2026_tr,AIME2026-TR/16,intermediate_error,11,0,11,0,11,11,11,0,0,0
aime2026_tr,AIME2026-TR/16,truncated,11,1,10,2,11,10,9,2,1,0
aime2026_tr,AIME2026-TR/17,boxed_only,10,8,2,8,6,2,2,8,8,4
aime2026_tr,AIME2026-TR/17,clean,10,4,6,4,6,6,6,4,4,4
aime2026_tr,AIME2026-TR/17,consistent_error,10,9,1,10,5,1,0,10,9,5
aime2026_tr,AIME2026-TR/17,intermediate_error,7,3,4,3,4,4,4,3,3,3
aime2026_tr,AIME2026-TR/17,truncated,10,7,3,7,4,3,3,7,7,5
aime2026_tr,AIME2026-TR/18,boxed_only,12,12,0,12,3,0,0,12,12,9
aime2026_tr,AIME2026-TR/18,clean,12,2,10,3,11,10,9,3,2,1
aime2026_tr,AIME2026-TR/18,consistent_error,12,11,1,11,3,1,1,11,11,9
aime2026_tr,AIME2026-TR/18,intermediate_error,12,1,11,1,11,11,11,1,1,1
aime2026_tr,AIME2026-TR/18,truncated,12,1,11,1,11,11,11,1,1,1
aime2026_tr,AIME2026-TR/19,boxed_only,11,9,2,9,4,2,2,9,9,7
aime2026_tr,AIME2026-TR/19,clean,11,0,11,0,11,11,11,0,0,0
aime2026_tr,AIME2026-TR/19,consistent_error,11,8,3,9,7,3,2,9,8,4
aime2026_tr,AIME2026-TR/19,intermediate_error,11,0,11,0,11,11,11,0,0,0
aime2026_tr,AIME2026-TR/19,truncated,11,0,11,0,11,11,11,0,0,0
aime2026_tr,AIME2026-TR/2,boxed_only,12,10,2,12,7,2,0,12,10,5
aime2026_tr,AIME2026-TR/2,clean,12,0,12,2,12,12,10,2,0,0
aime2026_tr,AIME2026-TR/2,consistent_error,12,6,6,8,8,6,4,8,6,4
aime2026_tr,AIME2026-TR/2,intermediate_error,12,0,12,0,12,12,12,0,0,0
aime2026_tr,AIME2026-TR/2,truncated,12,0,12,0,12,12,12,0,0,0
aime2026_tr,AIME2026-TR/20,boxed_only,10,10,0,10,5,0,0,10,10,5
aime2026_tr,AIME2026-TR/20,clean,10,1,9,2,10,9,8,2,1,0
aime2026_tr,AIME2026-TR/20,consistent_error,9,7,2,9,8,2,0,9,7,1
aime2026_tr,AIME2026-TR/20,intermediate_error,10,1,9,2,10,9,8,2,1,0
aime2026_tr,AIME2026-TR/20,truncated,10,1,9,3,10,9,7,3,1,0
aime2026_tr,AIME2026-TR/21,boxed_only,11,11,0,11,2,0,0,11,11,9
aime2026_tr,AIME2026-TR/21,clean,11,0,11,1,11,11,10,1,0,0
aime2026_tr,AIME2026-TR/21,consistent_error,10,0,10,8,10,10,2,8,0,0
aime2026_tr,AIME2026-TR/21,intermediate_error,11,0,11,0,11,11,11,0,0,0
aime2026_tr,AIME2026-TR/21,truncated,11,0,11,1,11,11,10,1,0,0
aime2026_tr,AIME2026-TR/22,boxed_only,10,5,5,7,7,5,3,7,5,3
aime2026_tr,AIME2026-TR/22,clean,10,0,10,0,10,10,10,0,0,0
aime2026_tr,AIME2026-TR/22,consistent_error,10,1,9,7,10,9,3,7,1,0
aime2026_tr,AIME2026-TR/22,intermediate_error,10,0,10,1,10,10,9,1,0,0
aime2026_tr,AIME2026-TR/22,truncated,10,2,8,3,10,8,7,3,2,0
aime2026_tr,AIME2026-TR/23,boxed_only,11,7,4,10,6,4,1,10,7,5
aime2026_tr,AIME2026-TR/23,clean,11,0,11,1,11,11,10,1,0,0
aime2026_tr,AIME2026-TR/23,consistent_error,5,5,0,5,0,0,0,5,5,5
aime2026_tr,AIME2026-TR/23,intermediate_error,11,0,11,1,11,11,10,1,0,0
aime2026_tr,AIME2026-TR/23,truncated,11,4,7,5,7,7,6,5,4,4
aime2026_tr,AIME2026-TR/24,boxed_only,10,10,0,10,1,0,0,10,10,9
aime2026_tr,AIME2026-TR/24,clean,10,0,10,2,10,10,8,2,0,0
aime2026_tr,AIME2026-TR/24,consistent_error,10,6,4,8,6,4,2,8,6,4
aime2026_tr,AIME2026-TR/24,intermediate_error,10,1,9,4,10,9,6,4,1,0
aime2026_tr,AIME2026-TR/24,truncated,10,1,9,5,10,9,5,5,1,0
aime2026_tr,AIME2026-TR/25,boxed_only,12,8,4,11,9,4,1,11,8,3
aime2026_tr,AIME2026-TR/25,clean,12,1,11,1,11,11,11,1,1,1
aime2026_tr,AIME2026-TR/25,consistent_error,11,10,1,10,8,1,1,10,10,3
aime2026_tr,AIME2026-TR/25,intermediate_error,12,1,11,1,11,11,11,1,1,1
aime2026_tr,AIME2026-TR/25,truncated,12,1,11,1,11,11,10,1,1,1
aime2026_tr,AIME2026-TR/26,boxed_only,11,10,1,11,5,1,0,11,10,6
aime2026_tr,AIME2026-TR/26,clean,11,2,9,7,10,9,4,7,2,1
aime2026_tr,AIME2026-TR/26,consistent_error,11,10,1,11,4,1,0,11,10,7
aime2026_tr,AIME2026-TR/26,intermediate_error,11,1,9,3,10,9,8,3,1,1
aime2026_tr,AIME2026-TR/26,truncated,11,4,7,7,9,7,4,7,4,1
aime2026_tr,AIME2026-TR/27,boxed_only,10,7,3,10,7,3,0,10,7,3
aime2026_tr,AIME2026-TR/27,clean,10,0,10,0,10,10,10,0,0,0
aime2026_tr,AIME2026-TR/27,consistent_error,10,2,8,10,9,8,0,10,2,1
aime2026_tr,AIME2026-TR/27,intermediate_error,10,0,10,1,10,10,9,1,0,0
aime2026_tr,AIME2026-TR/27,truncated,10,0,10,0,10,10,10,0,0,0
aime2026_tr,AIME2026-TR/28,boxed_only,11,9,2,10,2,2,1,10,9,9
aime2026_tr,AIME2026-TR/28,clean,11,2,9,3,9,9,8,3,2,2
aime2026_tr,AIME2026-TR/28,consistent_error,11,11,0,11,2,0,0,11,11,8
aime2026_tr,AIME2026-TR/28,intermediate_error,10,1,9,1,9,9,9,1,1,1
aime2026_tr,AIME2026-TR/28,truncated,11,5,4,9,7,4,2,9,5,3
aime2026_tr,AIME2026-TR/29,boxed_only,6,4,2,5,6,2,1,5,4,0
aime2026_tr,AIME2026-TR/29,clean,6,0,6,0,6,6,6,0,0,0
aime2026_tr,AIME2026-TR/29,consistent_error,6,5,1,5,4,1,1,5,5,2
aime2026_tr,AIME2026-TR/29,intermediate_error,6,0,6,1,6,6,5,1,0,0
aime2026_tr,AIME2026-TR/29,truncated,6,6,0,6,0,0,0,6,6,6
aime2026_tr,AIME2026-TR/3,boxed_only,11,7,4,10,8,4,1,10,7,3
aime2026_tr,AIME2026-TR/3,clean,11,0,11,0,11,11,11,0,0,0
aime2026_tr,AIME2026-TR/3,consistent_error,11,5,6,6,9,6,4,6,5,2
aime2026_tr,AIME2026-TR/3,intermediate_error,11,0,11,0,11,11,11,0,0,0
aime2026_tr,AIME2026-TR/3,truncated,11,0,11,0,11,11,11,0,0,0
aime2026_tr,AIME2026-TR/4,boxed_only,12,12,0,12,4,0,0,12,12,8
aime2026_tr,AIME2026-TR/4,clean,12,0,12,0,12,12,12,0,0,0
aime2026_tr,AIME2026-TR/4,consistent_error,12,12,0,12,8,0,0,12,12,4
aime2026_tr,AIME2026-TR/4,intermediate_error,12,0,12,0,12,12,12,0,0,0
aime2026_tr,AIME2026-TR/4,truncated,12,0,12,0,12,12,12,0,0,0
aime2026_tr,AIME2026-TR/5,boxed_only,11,11,0,11,5,0,0,11,11,6
aime2026_tr,AIME2026-TR/5,clean,11,0,11,0,11,11,10,0,0,0
aime2026_tr,AIME2026-TR/5,consistent_error,11,4,7,8,11,7,3,8,4,0
aime2026_tr,AIME2026-TR/5,intermediate_error,11,0,11,0,11,11,11,0,0,0
aime2026_tr,AIME2026-TR/5,truncated,11,0,11,0,11,11,11,0,0,0
aime2026_tr,AIME2026-TR/6,boxed_only,11,10,1,11,2,1,0,11,10,9
aime2026_tr,AIME2026-TR/6,clean,11,0,11,0,11,11,10,0,0,0
aime2026_tr,AIME2026-TR/6,consistent_error,11,11,0,11,2,0,0,11,11,9
aime2026_tr,AIME2026-TR/6,intermediate_error,11,0,11,1,11,11,10,1,0,0
aime2026_tr,AIME2026-TR/6,truncated,11,0,11,0,11,11,11,0,0,0
aime2026_tr,AIME2026-TR/7,boxed_only,10,10,0,10,4,0,0,10,10,6
aime2026_tr,AIME2026-TR/7,clean,10,0,10,0,10,10,10,0,0,0
aime2026_tr,AIME2026-TR/7,consistent_error,10,10,0,10,1,0,0,10,10,9
aime2026_tr,AIME2026-TR/7,intermediate_error,10,0,10,0,10,10,10,0,0,0
aime2026_tr,AIME2026-TR/7,truncated,10,0,10,2,10,10,8,2,0,0
aime2026_tr,AIME2026-TR/8,boxed_only,12,9,3,12,6,3,0,12,9,6
aime2026_tr,AIME2026-TR/8,clean,12,0,12,0,12,12,12,0,0,0
aime2026_tr,AIME2026-TR/8,intermediate_error,12,0,12,1,12,12,11,1,0,0
aime2026_tr,AIME2026-TR/8,truncated,12,0,12,0,12,12,12,0,0,0
aime2026_tr,AIME2026-TR/9,boxed_only,11,5,6,10,9,6,1,10,5,2
aime2026_tr,AIME2026-TR/9,clean,11,0,11,1,11,11,9,1,0,0
aime2026_tr,AIME2026-TR/9,consistent_error,7,6,1,7,5,1,0,7,6,1
aime2026_tr,AIME2026-TR/9,intermediate_error,11,0,11,1,11,11,10,1,0,0
aime2026_tr,AIME2026-TR/9,truncated,11,1,10,3,10,10,8,3,1,1
pt_exams_math,pt_exams_math/0,boxed_only,2,2,0,2,0,0,0,2,2,2
pt_exams_math,pt_exams_math/0,clean,2,0,2,0,2,2,2,0,0,0
pt_exams_math,pt_exams_math/0,intermediate_error,2,0,2,0,2,2,2,0,0,0
pt_exams_math,pt_exams_math/0,truncated,2,0,2,0,2,2,2,0,0,0
pt_exams_math,pt_exams_math/1,boxed_only,2,2,0,2,0,0,0,2,2,2
pt_exams_math,pt_exams_math/1,clean,2,0,2,0,2,2,2,0,0,0
pt_exams_math,pt_exams_math/1,consistent_error,2,2,0,2,0,0,0,2,2,2
pt_exams_math,pt_exams_math/1,intermediate_error,2,0,2,0,2,2,2,0,0,0
pt_exams_math,pt_exams_math/1,truncated,2,0,2,0,2,2,2,0,0,0
pt_exams_math,pt_exams_math/10,boxed_only,2,2,0,2,1,0,0,2,2,1
pt_exams_math,pt_exams_math/10,clean,2,0,2,0,2,2,2,0,0,0
pt_exams_math,pt_exams_math/10,consistent_error,2,2,0,2,0,0,0,2,2,2
pt_exams_math,pt_exams_math/10,intermediate_error,2,0,2,0,2,2,2,0,0,0
pt_exams_math,pt_exams_math/10,truncated,2,0,2,0,2,2,2,0,0,0
pt_exams_math,pt_exams_math/100,boxed_only,2,2,0,2,2,0,0,2,2,0
pt_exams_math,pt_exams_math/100,clean,2,0,2,0,2,2,2,0,0,0
pt_exams_math,pt_exams_math/100,consistent_error,1,1,0,1,0,0,0,1,1,1
pt_exams_math,pt_exams_math/100,intermediate_error,2,0,2,0,2,2,2,0,0,0
pt_exams_math,pt_exams_math/100,truncated,2,0,2,0,2,2,2,0,0,0
pt_exams_math,pt_exams_math/101,boxed_only,2,2,0,2,0,0,0,2,2,2
pt_exams_math,pt_exams_math/101,clean,2,0,2,0,2,2,2,0,0,0
pt_exams_math,pt_exams_math/101,consistent_error,2,2,0,2,0,0,0,2,2,2
pt_exams_math,pt_exams_math/101,intermediate_error,2,0,2,0,2,2,2,0,0,0
pt_exams_math,pt_exams_math/101,truncated,2,0,2,0,2,2,2,0,0,0
pt_exams_math,pt_exams_math/102,boxed_only,2,2,0,2,0,0,0,2,2,2
pt_exams_math,pt_exams_math/102,clean,2,0,2,0,2,2,2,0,0,0
pt_exams_math,pt_exams_math/102,consistent_error,2,2,0,2,0,0,0,2,2,2
pt_exams_math,pt_exams_math/102,intermediate_error,2,0,2,0,2,2,2,0,0,0
pt_exams_math,pt_exams_math/102,truncated,2,0,2,0,2,2,2,0,0,0
pt_exams_math,pt_exams_math/103,boxed_only,2,2,0,2,1,0,0,2,2,1
pt_exams_math,pt_exams_math/103,clean,2,0,2,0,2,2,2,0,0,0
pt_exams_math,pt_exams_math/103,consistent_error,2,0,2,1,2,2,1,1,0,0
pt_exams_math,pt_exams_math/103,intermediate_error,2,0,2,0,2,2,2,0,0,0
pt_exams_math,pt_exams_math/103,truncated,2,0,2,0,2,2,2,0,0,0
pt_exams_math,pt_exams_math/104,boxed_only,2,2,0,2,2,0,0,2,2,0
pt_exams_math,pt_exams_math/104,clean,2,0,2,0,2,2,2,0,0,0
pt_exams_math,pt_exams_math/104,consistent_error,2,2,0,2,1,0,0,2,2,1
pt_exams_math,pt_exams_math/104,intermediate_error,2,0,2,0,2,2,2,0,0,0
pt_exams_math,pt_exams_math/104,truncated,2,0,2,0,2,2,2,0,0,0
pt_exams_math,pt_exams_math/105,boxed_only,2,2,0,2,0,0,0,2,2,2
pt_exams_math,pt_exams_math/105,clean,2,0,2,0,2,2,2,0,0,0
pt_exams_math,pt_exams_math/105,intermediate_error,2,0,2,0,2,2,2,0,0,0
pt_exams_math,pt_exams_math/105,truncated,2,0,2,0,2,2,2,0,0,0
pt_exams_math,pt_exams_math/106,boxed_only,2,2,0,2,1,0,0,2,2,1
pt_exams_math,pt_exams_math/106,clean,2,0,2,0,2,2,2,0,0,0
pt_exams_math,pt_exams_math/106,consistent_error,2,2,0,2,0,0,0,2,2,2
pt_exams_math,pt_exams_math/106,intermediate_error,2,0,2,0,2,2,2,0,0,0
pt_exams_math,pt_exams_math/106,truncated,2,0,2,0,2,2,2,0,0,0
pt_exams_math,pt_exams_math/107,boxed_only,2,2,0,2,1,0,0,2,2,1
pt_exams_math,pt_exams_math/107,clean,2,0,2,0,2,2,2,0,0,0
pt_exams_math,pt_exams_math/107,consistent_error,2,2,0,2,0,0,0,2,2,2
pt_exams_math,pt_exams_math/107,intermediate_error,2,0,2,0,2,2,2,0,0,0
pt_exams_math,pt_exams_math/107,truncated,2,0,2,0,2,2,2,0,0,0
pt_exams_math,pt_exams_math/108,boxed_only,2,2,0,2,0,0,0,2,2,2
pt_exams_math,pt_exams_math/108,clean,2,0,2,0,2,2,2,0,0,0
pt_exams_math,pt_exams_math/108,consistent_error,2,2,0,2,0,0,0,2,2,2
pt_exams_math,pt_exams_math/108,intermediate_error,2,0,2,0,2,2,2,0,0,0
pt_exams_math,pt_exams_math/108,truncated,2,0,2,0,2,2,2,0,0,0
pt_exams_math,pt_exams_math/109,boxed_only,2,2,0,2,1,0,0,2,2,1
pt_exams_math,pt_exams_math/109,clean,2,0,2,0,2,2,2,0,0,0
pt_exams_math,pt_exams_math/109,consistent_error,2,2,0,2,0,0,0,2,2,2
pt_exams_math,pt_exams_math/109,intermediate_error,2,0,2,0,2,2,2,0,0,0
pt_exams_math,pt_exams_math/109,truncated,2,0,2,0,2,2,2,0,0,0
pt_exams_math,pt_exams_math/11,boxed_only,2,2,0,2,0,0,0,2,2,2
pt_exams_math,pt_exams_math/11,clean,2,0,2,0,2,2,2,0,0,0
pt_exams_math,pt_exams_math/11,intermediate_error,2,1,1,1,2,1,1,1,1,0
pt_exams_math,pt_exams_math/11,truncated,2,0,2,0,2,2,2,0,0,0
pt_exams_math,pt_exams_math/110,boxed_only,2,2,0,2,0,0,0,2,2,2
pt_exams_math,pt_exams_math/110,clean,2,0,2,0,2,2,2,0,0,0
pt_exams_math,pt_exams_math/110,consistent_error,2,2,0,2,0,0,0,2,2,2
pt_exams_math,pt_exams_math/110,intermediate_error,2,0,2,0,2,2,2,0,0,0
pt_exams_math,pt_exams_math/110,truncated,2,0,2,0,2,2,2,0,0,0
pt_exams_math,pt_exams_math/111,boxed_only,2,2,0,2,0,0,0,2,2,2
pt_exams_math,pt_exams_math/111,clean,2,0,2,0,2,2,2,0,0,0
pt_exams_math,pt_exams_math/111,consistent_error,2,0,2,2,2,2,0,2,0,0
pt_exams_math,pt_exams_math/111,intermediate_error,2,0,2,0,2,2,2,0,0,0
pt_exams_math,pt_exams_math/111,truncated,2,0,2,0,2,2,2,0,0,0
pt_exams_math,pt_exams_math/112,boxed_only,2,2,0,2,0,0,0,2,2,2
pt_exams_math,pt_exams_math/112,clean,2,0,2,0,2,2,2,0,0,0
pt_exams_math,pt_exams_math/112,consistent_error,2,2,0,2,1,0,0,2,2,1
pt_exams_math,pt_exams_math/112,intermediate_error,2,0,2,0,2,2,2,0,0,0
pt_exams_math,pt_exams_math/112,truncated,2,0,2,0,2,2,2,0,0,0
pt_exams_math,pt_exams_math/113,boxed_only,2,2,0,2,1,0,0,2,2,1
pt_exams_math,pt_exams_math/113,clean,2,0,2,0,2,2,2,0,0,0
pt_exams_math,pt_exams_math/113,consistent_error,2,2,0,2,0,0,0,2,2,2
pt_exams_math,pt_exams_math/113,intermediate_error,2,0,2,0,2,2,2,0,0,0
pt_exams_math,pt_exams_math/113,truncated,2,0,2,0,2,2,2,0,0,0
pt_exams_math,pt_exams_math/114,boxed_only,2,2,0,2,0,0,0,2,2,2
pt_exams_math,pt_exams_math/114,clean,2,0,2,0,2,2,2,0,0,0
pt_exams_math,pt_exams_math/114,intermediate_error,2,0,2,1,2,2,1,1,0,0
pt_exams_math,pt_exams_math/114,truncated,2,0,2,0,2,2,2,0,0,0
pt_exams_math,pt_exams_math/115,boxed_only,2,2,0,2,0,0,0,2,2,2
pt_exams_math,pt_exams_math/115,clean,2,0,2,0,2,2,2,0,0,0
pt_exams_math,pt_exams_math/115,intermediate_error,2,0,2,0,2,2,2,0,0,0
pt_exams_math,pt_exams_math/115,truncated,2,0,2,0,2,2,2,0,0,0
pt_exams_math,pt_exams_math/116,boxed_only,2,2,0,2,0,0,0,2,2,2
pt_exams_math,pt_exams_math/116,clean,2,0,2,0,2,2,2,0,0,0
pt_exams_math,pt_exams_math/116,intermediate_error,2,0,2,0,2,2,2,0,0,0
pt_exams_math,pt_exams_math/116,truncated,2,0,2,0,2,2,2,0,0,0
pt_exams_math,pt_exams_math/117,boxed_only,2,2,0,2,0,0,0,2,2,2
pt_exams_math,pt_exams_math/117,clean,2,0,2,0,2,2,2,0,0,0
pt_exams_math,pt_exams_math/117,intermediate_error,2,0,2,0,2,2,2,0,0,0
pt_exams_math,pt_exams_math/117,truncated,2,0,2,0,2,2,2,0,0,0
pt_exams_math,pt_exams_math/118,boxed_only,2,2,0,2,1,0,0,2,2,1
pt_exams_math,pt_exams_math/118,clean,2,0,2,0,2,2,2,0,0,0
pt_exams_math,pt_exams_math/118,consistent_error,2,0,2,1,2,2,1,1,0,0
pt_exams_math,pt_exams_math/118,intermediate_error,2,0,2,0,2,2,2,0,0,0
pt_exams_math,pt_exams_math/118,truncated,2,0,2,0,2,2,2,0,0,0
pt_exams_math,pt_exams_math/119,boxed_only,2,2,0,2,0,0,0,2,2,2
pt_exams_math,pt_exams_math/119,clean,2,0,2,0,2,2,2,0,0,0
pt_exams_math,pt_exams_math/119,consistent_error,2,2,0,2,1,0,0,2,2,1
pt_exams_math,pt_exams_math/119,intermediate_error,2,0,2,0,2,2,2,0,0,0
pt_exams_math,pt_exams_math/119,truncated,2,0,2,0,2,2,2,0,0,0
pt_exams_math,pt_exams_math/12,boxed_only,1,1,0,1,0,0,0,1,1,1
pt_exams_math,pt_exams_math/12,clean,1,0,1,0,1,1,1,0,0,0
pt_exams_math,pt_exams_math/12,intermediate_error,1,0,1,0,1,1,1,0,0,0
pt_exams_math,pt_exams_math/12,truncated,1,0,1,0,1,1,1,0,0,0
pt_exams_math,pt_exams_math/120,boxed_only,2,2,0,2,0,0,0,2,2,2
pt_exams_math,pt_exams_math/120,clean,2,0,2,0,2,2,2,0,0,0
pt_exams_math,pt_exams_math/120,consistent_error,1,1,0,1,1,0,0,1,1,0
pt_exams_math,pt_exams_math/120,intermediate_error,2,0,2,0,2,2,2,0,0,0
pt_exams_math,pt_exams_math/120,truncated,2,0,2,0,2,2,2,0,0,0
pt_exams_math,pt_exams_math/121,boxed_only,2,1,1,2,1,1,0,2,1,1
pt_exams_math,pt_exams_math/121,clean,2,0,2,0,2,2,2,0,0,0
pt_exams_math,pt_exams_math/121,consistent_error,2,2,0,2,0,0,0,2,2,2
pt_exams_math,pt_exams_math/121,intermediate_error,2,0,2,0,2,2,2,0,0,0
pt_exams_math,pt_exams_math/121,truncated,2,0,2,0,2,2,2,0,0,0
pt_exams_math,pt_exams_math/122,boxed_only,2,2,0,2,0,0,0,2,2,2
pt_exams_math,pt_exams_math/122,clean,2,0,2,0,2,2,2,0,0,0
pt_exams_math,pt_exams_math/122,intermediate_error,2,0,2,0,2,2,2,0,0,0
pt_exams_math,pt_exams_math/122,truncated,2,0,2,0,2,2,2,0,0,0
pt_exams_math,pt_exams_math/123,clean,2,0,2,0,2,2,2,0,0,0
pt_exams_math,pt_exams_math/123,intermediate_error,2,0,2,0,2,2,2,0,0,0
pt_exams_math,pt_exams_math/123,truncated,2,0,2,0,2,2,2,0,0,0
pt_exams_math,pt_exams_math/124,boxed_only,2,2,0,2,1,0,0,2,2,1
pt_exams_math,pt_exams_math/124,clean,2,0,2,0,2,2,2,0,0,0
pt_exams_math,pt_exams_math/124,consistent_error,1,1,0,1,0,0,0,1,1,1
pt_exams_math,pt_exams_math/124,intermediate_error,2,0,2,0,2,2,2,0,0,0
pt_exams_math,pt_exams_math/124,truncated,2,0,2,0,2,2,2,0,0,0
pt_exams_math,pt_exams_math/125,boxed_only,2,2,0,2,1,0,0,2,2,1
pt_exams_math,pt_exams_math/125,clean,2,0,2,0,2,2,2,0,0,0
pt_exams_math,pt_exams_math/125,consistent_error,1,1,0,1,1,0,0,1,1,0
pt_exams_math,pt_exams_math/125,intermediate_error,2,0,2,0,2,2,2,0,0,0
pt_exams_math,pt_exams_math/125,truncated,2,0,2,0,2,2,2,0,0,0
pt_exams_math,pt_exams_math/126,boxed_only,2,2,0,2,0,0,0,2,2,2
pt_exams_math,pt_exams_math/126,clean,2,0,2,0,2,2,2,0,0,0
pt_exams_math,pt_exams_math/126,consistent_error,2,2,0,2,0,0,0,2,2,2
pt_exams_math,pt_exams_math/126,intermediate_error,2,0,2,0,2,2,2,0,0,0
pt_exams_math,pt_exams_math/126,truncated,2,0,2,0,2,2,2,0,0,0
pt_exams_math,pt_exams_math/127,boxed_only,1,1,0,1,0,0,0,1,1,1
pt_exams_math,pt_exams_math/127,clean,1,0,1,0,1,1,1,0,0,0
pt_exams_math,pt_exams_math/127,consistent_error,1,1,0,1,0,0,0,1,1,1
pt_exams_math,pt_exams_math/127,intermediate_error,1,0,1,0,1,1,1,0,0,0
pt_exams_math,pt_exams_math/127,truncated,1,0,1,0,1,1,1,0,0,0
pt_exams_math,pt_exams_math/128,boxed_only,2,2,0,2,0,0,0,2,2,2
pt_exams_math,pt_exams_math/128,clean,2,0,2,0,2,2,2,0,0,0
pt_exams_math,pt_exams_math/128,consistent_error,2,2,0,2,0,0,0,2,2,2
pt_exams_math,pt_exams_math/128,intermediate_error,2,0,2,0,2,2,2,0,0,0
pt_exams_math,pt_exams_math/128,truncated,2,0,2,0,2,2,2,0,0,0
pt_exams_math,pt_exams_math/129,boxed_only,2,2,0,2,1,0,0,2,2,1
pt_exams_math,pt_exams_math/129,clean,2,0,2,0,2,2,2,0,0,0
pt_exams_math,pt_exams_math/129,consistent_error,2,2,0,2,0,0,0,2,2,2
pt_exams_math,pt_exams_math/129,intermediate_error,2,0,2,0,2,2,2,0,0,0
pt_exams_math,pt_exams_math/129,truncated,2,0,2,0,2,2,2,0,0,0
pt_exams_math,pt_exams_math/13,boxed_only,1,1,0,1,0,0,0,1,1,1
pt_exams_math,pt_exams_math/13,clean,1,0,1,0,1,1,1,0,0,0
pt_exams_math,pt_exams_math/13,consistent_error,1,0,1,0,1,1,1,0,0,0
pt_exams_math,pt_exams_math/13,intermediate_error,1,0,1,0,1,1,1,0,0,0
pt_exams_math,pt_exams_math/13,truncated,1,0,1,0,1,1,1,0,0,0
pt_exams_math,pt_exams_math/130,boxed_only,2,2,0,2,0,0,0,2,2,2
pt_exams_math,pt_exams_math/130,clean,2,0,2,0,2,2,2,0,0,0
pt_exams_math,pt_exams_math/130,consistent_error,2,2,0,2,0,0,0,2,2,2
pt_exams_math,pt_exams_math/130,intermediate_error,2,0,2,0,2,2,2,0,0,0
pt_exams_math,pt_exams_math/130,truncated,2,0,2,0,2,2,2,0,0,0
pt_exams_math,pt_exams_math/131,boxed_only,1,1,0,1,0,0,0,1,1,1
pt_exams_math,pt_exams_math/131,clean,1,0,1,0,1,1,1,0,0,0
pt_exams_math,pt_exams_math/131,intermediate_error,1,0,1,0,1,1,1,0,0,0
pt_exams_math,pt_exams_math/131,truncated,1,0,1,0,1,1,1,0,0,0
pt_exams_math,pt_exams_math/132,boxed_only,2,2,0,2,1,0,0,2,2,1
pt_exams_math,pt_exams_math/132,clean,2,0,2,0,2,2,2,0,0,0
pt_exams_math,pt_exams_math/132,intermediate_error,2,0,2,0,2,2,2,0,0,0
pt_exams_math,pt_exams_math/132,truncated,2,0,2,0,2,2,2,0,0,0
pt_exams_math,pt_exams_math/133,boxed_only,2,1,1,2,2,1,0,2,1,0
pt_exams_math,pt_exams_math/133,clean,2,0,2,0,2,2,2,0,0,0
pt_exams_math,pt_exams_math/133,consistent_error,2,1,1,1,1,1,1,1,1,1
pt_exams_math,pt_exams_math/133,intermediate_error,2,0,2,0,2,2,2,0,0,0
pt_exams_math,pt_exams_math/133,truncated,2,0,2,0,2,2,2,0,0,0
pt_exams_math,pt_exams_math/134,boxed_only,2,2,0,2,0,0,0,2,2,2
pt_exams_math,pt_exams_math/134,clean,2,0,2,0,2,2,2,0,0,0
pt_exams_math,pt_exams_math/134,consistent_error,2,2,0,2,1,0,0,2,2,1
pt_exams_math,pt_exams_math/134,intermediate_error,2,0,2,0,2,2,2,0,0,0
pt_exams_math,pt_exams_math/134,truncated,2,0,2,0,2,2,2,0,0,0
pt_exams_math,pt_exams_math/135,boxed_only,2,2,0,2,1,0,0,2,2,1
pt_exams_math,pt_exams_math/135,clean,2,0,2,0,2,2,2,0,0,0
pt_exams_math,pt_exams_math/135,consistent_error,2,1,1,2,2,1,0,2,1,0
pt_exams_math,pt_exams_math/135,intermediate_error,2,0,2,0,2,2,2,0,0,0
pt_exams_math,pt_exams_math/135,truncated,2,0,2,0,2,2,2,0,0,0
pt_exams_math,pt_exams_math/136,boxed_only,2,2,0,2,1,0,0,2,2,1
pt_exams_math,pt_exams_math/136,clean,2,0,2,0,2,2,2,0,0,0
pt_exams_math,pt_exams_math/136,consistent_error,2,2,0,2,0,0,0,2,2,2
pt_exams_math,pt_exams_math/136,intermediate_error,2,0,2,0,2,2,2,0,0,0
pt_exams_math,pt_exams_math/136,truncated,2,0,2,0,2,2,2,0,0,0
pt_exams_math,pt_exams_math/137,boxed_only,2,2,0,2,1,0,0,2,2,1
pt_exams_math,pt_exams_math/137,clean,2,0,2,0,2,2,2,0,0,0
pt_exams_math,pt_exams_math/137,consistent_error,2,2,0,2,1,0,0,2,2,1
pt_exams_math,pt_exams_math/137,intermediate_error,2,0,2,0,2,2,2,0,0,0
pt_exams_math,pt_exams_math/137,truncated,2,0,2,0,2,2,2,0,0,0
pt_exams_math,pt_exams_math/138,boxed_only,2,2,0,2,0,0,0,2,2,2
pt_exams_math,pt_exams_math/138,clean,2,0,2,0,2,2,2,0,0,0
pt_exams_math,pt_exams_math/138,consistent_error,2,2,0,2,1,0,0,2,2,1
pt_exams_math,pt_exams_math/138,intermediate_error,2,0,2,0,2,2,2,0,0,0
pt_exams_math,pt_exams_math/138,truncated,2,0,2,0,2,2,2,0,0,0
pt_exams_math,pt_exams_math/14,boxed_only,1,1,0,1,0,0,0,1,1,1
pt_exams_math,pt_exams_math/14,clean,1,0,1,0,1,1,1,0,0,0
pt_exams_math,pt_exams_math/14,consistent_error,1,1,0,1,0,0,0,1,1,1
pt_exams_math,pt_exams_math/14,intermediate_error,1,0,1,0,1,1,1,0,0,0
pt_exams_math,pt_exams_math/14,truncated,1,0,1,0,1,1,1,0,0,0
pt_exams_math,pt_exams_math/140,boxed_only,2,2,0,2,0,0,0,2,2,2
pt_exams_math,pt_exams_math/140,clean,2,0,2,0,2,2,2,0,0,0
pt_exams_math,pt_exams_math/140,consistent_error,2,2,0,2,1,0,0,2,2,1
pt_exams_math,pt_exams_math/140,intermediate_error,2,0,2,0,2,2,2,0,0,0
pt_exams_math,pt_exams_math/140,truncated,2,0,2,0,2,2,2,0,0,0
pt_exams_math,pt_exams_math/141,boxed_only,2,2,0,2,1,0,0,2,2,1
pt_exams_math,pt_exams_math/141,clean,2,0,2,0,2,2,2,0,0,0
pt_exams_math,pt_exams_math/141,consistent_error,2,1,1,2,2,1,0,2,1,0
pt_exams_math,pt_exams_math/141,intermediate_error,2,0,2,0,2,2,2,0,0,0
pt_exams_math,pt_exams_math/141,truncated,2,0,2,0,2,2,2,0,0,0
pt_exams_math,pt_exams_math/142,boxed_only,2,2,0,2,0,0,0,2,2,2
pt_exams_math,pt_exams_math/142,clean,2,0,2,0,2,2,2,0,0,0
pt_exams_math,pt_exams_math/142,consistent_error,2,2,0,2,0,0,0,2,2,2
pt_exams_math,pt_exams_math/142,intermediate_error,2,0,2,0,2,2,2,0,0,0
pt_exams_math,pt_exams_math/142,truncated,2,0,2,0,2,2,2,0,0,0
pt_exams_math,pt_exams_math/143,boxed_only,1,1,0,1,1,0,0,1,1,0
pt_exams_math,pt_exams_math/143,clean,1,0,1,0,1,1,1,0,0,0
pt_exams_math,pt_exams_math/143,intermediate_error,1,0,1,0,1,1,1,0,0,0
pt_exams_math,pt_exams_math/143,truncated,1,0,1,0,1,1,1,0,0,0
pt_exams_math,pt_exams_math/144,boxed_only,2,2,0,2,1,0,0,2,2,1
pt_exams_math,pt_exams_math/144,clean,2,0,2,0,2,2,2,0,0,0
pt_exams_math,pt_exams_math/144,intermediate_error,2,0,2,0,2,2,2,0,0,0
pt_exams_math,pt_exams_math/144,truncated,2,0,2,0,2,2,2,0,0,0
pt_exams_math,pt_exams_math/145,boxed_only,1,1,0,1,0,0,0,1,1,1
pt_exams_math,pt_exams_math/145,clean,1,0,1,0,1,1,1,0,0,0
pt_exams_math,pt_exams_math/145,consistent_error,1,1,0,1,0,0,0,1,1,1
pt_exams_math,pt_exams_math/145,intermediate_error,1,0,1,0,1,1,1,0,0,0
pt_exams_math,pt_exams_math/145,truncated,1,0,1,0,1,1,1,0,0,0
pt_exams_math,pt_exams_math/146,boxed_only,2,1,1,2,1,1,0,2,1,1
pt_exams_math,pt_exams_math/146,clean,2,0,2,0,2,2,2,0,0,0
pt_exams_math,pt_exams_math/146,consistent_error,2,2,0,2,1,0,0,2,2,1
pt_exams_math,pt_exams_math/146,intermediate_error,2,0,2,0,2,2,2,0,0,0
pt_exams_math,pt_exams_math/146,truncated,2,0,2,0,2,2,2,0,0,0
pt_exams_math,pt_exams_math/147,boxed_only,2,1,1,2,1,1,0,2,1,1
pt_exams_math,pt_exams_math/147,clean,2,0,2,0,2,2,2,0,0,0
pt_exams_math,pt_exams_math/147,consistent_error,2,2,0,2,1,0,0,2,2,1
pt_exams_math,pt_exams_math/147,intermediate_error,2,0,2,0,2,2,2,0,0,0
pt_exams_math,pt_exams_math/147,truncated,2,0,2,0,2,2,2,0,0,0
pt_exams_math,pt_exams_math/148,boxed_only,2,2,0,2,0,0,0,2,2,2
pt_exams_math,pt_exams_math/148,clean,2,0,2,0,2,2,2,0,0,0
pt_exams_math,pt_exams_math/148,intermediate_error,2,0,2,0,2,2,2,0,0,0
pt_exams_math,pt_exams_math/148,truncated,2,0,2,0,2,2,2,0,0,0
pt_exams_math,pt_exams_math/149,boxed_only,2,2,0,2,0,0,0,2,2,2
pt_exams_math,pt_exams_math/149,clean,2,0,2,0,2,2,2,0,0,0
pt_exams_math,pt_exams_math/149,intermediate_error,2,0,2,0,2,2,2,0,0,0
pt_exams_math,pt_exams_math/149,truncated,2,0,2,0,2,2,2,0,0,0
pt_exams_math,pt_exams_math/15,boxed_only,2,2,0,2,1,0,0,2,2,1
pt_exams_math,pt_exams_math/15,clean,2,0,2,0,2,2,2,0,0,0
pt_exams_math,pt_exams_math/15,consistent_error,2,2,0,2,0,0,0,2,2,2
pt_exams_math,pt_exams_math/15,intermediate_error,2,0,2,0,2,2,2,0,0,0
pt_exams_math,pt_exams_math/15,truncated,2,0,2,0,2,2,2,0,0,0
pt_exams_math,pt_exams_math/150,boxed_only,1,1,0,1,0,0,0,1,1,1
pt_exams_math,pt_exams_math/150,clean,1,0,1,0,1,1,1,0,0,0
pt_exams_math,pt_exams_math/150,consistent_error,1,1,0,1,0,0,0,1,1,1
pt_exams_math,pt_exams_math/150,intermediate_error,1,0,1,0,1,1,1,0,0,0
pt_exams_math,pt_exams_math/150,truncated,1,0,1,0,1,1,1,0,0,0
pt_exams_math,pt_exams_math/151,boxed_only,2,2,0,2,0,0,0,2,2,2
pt_exams_math,pt_exams_math/151,clean,2,0,2,0,2,2,2,0,0,0
pt_exams_math,pt_exams_math/151,consistent_error,2,1,1,2,1,1,0,2,1,1
pt_exams_math,pt_exams_math/151,intermediate_error,2,0,2,0,2,2,2,0,0,0
pt_exams_math,pt_exams_math/151,truncated,2,0,2,0,2,2,2,0,0,0
pt_exams_math,pt_exams_math/152,boxed_only,2,2,0,2,0,0,0,2,2,2
pt_exams_math,pt_exams_math/152,clean,2,0,2,0,2,2,2,0,0,0
pt_exams_math,pt_exams_math/152,consistent_error,1,1,0,1,0,0,0,1,1,1
pt_exams_math,pt_exams_math/152,intermediate_error,2,0,2,0,2,2,2,0,0,0
pt_exams_math,pt_exams_math/152,truncated,2,1,1,1,2,1,1,1,1,0
pt_exams_math,pt_exams_math/153,boxed_only,2,2,0,2,0,0,0,2,2,2
pt_exams_math,pt_exams_math/153,clean,2,0,2,0,2,2,2,0,0,0
pt_exams_math,pt_exams_math/153,consistent_error,2,2,0,2,0,0,0,2,2,2
pt_exams_math,pt_exams_math/153,intermediate_error,2,0,2,0,2,2,2,0,0,0
pt_exams_math,pt_exams_math/153,truncated,2,0,2,0,2,2,2,0,0,0
pt_exams_math,pt_exams_math/154,clean,2,0,2,0,2,2,2,0,0,0
pt_exams_math,pt_exams_math/154,intermediate_error,2,0,2,0,2,2,2,0,0,0
pt_exams_math,pt_exams_math/154,truncated,2,0,2,0,2,2,2,0,0,0
pt_exams_math,pt_exams_math/155,boxed_only,2,2,0,2,0,0,0,2,2,2
pt_exams_math,pt_exams_math/155,clean,2,0,2,0,2,2,2,0,0,0
pt_exams_math,pt_exams_math/155,consistent_error,2,2,0,2,0,0,0,2,2,2
pt_exams_math,pt_exams_math/155,intermediate_error,2,0,2,0,2,2,2,0,0,0
pt_exams_math,pt_exams_math/155,truncated,2,0,2,0,2,2,2,0,0,0
pt_exams_math,pt_exams_math/156,boxed_only,2,2,0,2,1,0,0,2,2,1
pt_exams_math,pt_exams_math/156,clean,2,0,2,0,2,2,2,0,0,0
pt_exams_math,pt_exams_math/156,consistent_error,1,0,1,0,1,1,1,0,0,0
pt_exams_math,pt_exams_math/156,intermediate_error,2,0,2,0,2,2,2,0,0,0
pt_exams_math,pt_exams_math/156,truncated,2,0,2,0,2,2,2,0,0,0
pt_exams_math,pt_exams_math/157,boxed_only,2,1,1,2,1,1,0,2,1,1
pt_exams_math,pt_exams_math/157,clean,2,0,2,0,2,2,2,0,0,0
pt_exams_math,pt_exams_math/157,intermediate_error,2,0,2,0,2,2,2,0,0,0
pt_exams_math,pt_exams_math/157,truncated,2,0,2,0,2,2,2,0,0,0
pt_exams_math,pt_exams_math/158,boxed_only,2,2,0,2,0,0,0,2,2,2
pt_exams_math,pt_exams_math/158,clean,2,0,2,0,2,2,2,0,0,0
pt_exams_math,pt_exams_math/158,intermediate_error,2,0,2,0,2,2,2,0,0,0
pt_exams_math,pt_exams_math/158,truncated,2,0,2,0,2,2,2,0,0,0
pt_exams_math,pt_exams_math/159,boxed_only,2,2,0,2,0,0,0,2,2,2
pt_exams_math,pt_exams_math/159,clean,2,0,2,0,2,2,2,0,0,0
pt_exams_math,pt_exams_math/159,consistent_error,2,2,0,2,0,0,0,2,2,2
pt_exams_math,pt_exams_math/159,intermediate_error,2,0,2,0,2,2,2,0,0,0
pt_exams_math,pt_exams_math/159,truncated,2,0,2,0,2,2,2,0,0,0
pt_exams_math,pt_exams_math/16,boxed_only,1,1,0,1,0,0,0,1,1,1
pt_exams_math,pt_exams_math/16,clean,1,0,1,0,1,1,1,0,0,0
pt_exams_math,pt_exams_math/16,consistent_error,1,1,0,1,0,0,0,1,1,1
pt_exams_math,pt_exams_math/16,intermediate_error,1,0,1,0,1,1,1,0,0,0
pt_exams_math,pt_exams_math/16,truncated,1,0,1,0,1,1,1,0,0,0
pt_exams_math,pt_exams_math/160,boxed_only,2,2,0,2,0,0,0,2,2,2
pt_exams_math,pt_exams_math/160,clean,2,0,2,0,2,2,2,0,0,0
pt_exams_math,pt_exams_math/160,consistent_error,2,2,0,2,0,0,0,2,2,2
pt_exams_math,pt_exams_math/160,intermediate_error,2,0,2,0,2,2,2,0,0,0
pt_exams_math,pt_exams_math/160,truncated,2,0,2,0,2,2,2,0,0,0
pt_exams_math,pt_exams_math/161,clean,2,0,2,1,2,2,1,1,0,0
pt_exams_math,pt_exams_math/161,intermediate_error,2,0,2,0,2,2,2,0,0,0
pt_exams_math,pt_exams_math/161,truncated,2,0,2,0,2,2,2,0,0,0
pt_exams_math,pt_exams_math/162,clean,2,0,2,0,2,2,2,0,0,0
pt_exams_math,pt_exams_math/162,intermediate_error,2,0,2,0,2,2,2,0,0,0
pt_exams_math,pt_exams_math/162,truncated,2,0,2,0,2,2,2,0,0,0
pt_exams_math,pt_exams_math/163,clean,2,0,2,0,2,2,2,0,0,0
pt_exams_math,pt_exams_math/163,intermediate_error,2,0,2,0,2,2,2,0,0,0
pt_exams_math,pt_exams_math/163,truncated,2,0,2,0,2,2,2,0,0,0
pt_exams_math,pt_exams_math/164,clean,2,0,2,0,2,2,2,0,0,0
pt_exams_math,pt_exams_math/164,intermediate_error,2,0,2,0,2,2,2,0,0,0
pt_exams_math,pt_exams_math/164,truncated,2,0,2,0,2,2,2,0,0,0
pt_exams_math,pt_exams_math/165,clean,2,0,2,0,2,2,2,0,0,0
pt_exams_math,pt_exams_math/165,intermediate_error,2,0,2,0,2,2,2,0,0,0
pt_exams_math,pt_exams_math/165,truncated,2,0,2,0,2,2,2,0,0,0
pt_exams_math,pt_exams_math/17,boxed_only,2,2,0,2,1,0,0,2,2,1
pt_exams_math,pt_exams_math/17,clean,2,0,2,0,2,2,2,0,0,0
pt_exams_math,pt_exams_math/17,consistent_error,2,2,0,2,0,0,0,2,2,2
pt_exams_math,pt_exams_math/17,intermediate_error,2,0,2,0,2,2,2,0,0,0
pt_exams_math,pt_exams_math/17,truncated,2,0,2,0,2,2,2,0,0,0
pt_exams_math,pt_exams_math/18,boxed_only,1,1,0,1,0,0,0,1,1,1
pt_exams_math,pt_exams_math/18,clean,1,0,1,0,1,1,1,0,0,0
pt_exams_math,pt_exams_math/18,consistent_error,1,1,0,1,0,0,0,1,1,1
pt_exams_math,pt_exams_math/18,intermediate_error,1,0,1,1,1,1,0,1,0,0
pt_exams_math,pt_exams_math/18,truncated,1,0,1,0,1,1,1,0,0,0
pt_exams_math,pt_exams_math/19,boxed_only,2,2,0,2,0,0,0,2,2,2
pt_exams_math,pt_exams_math/19,clean,2,0,2,0,2,2,2,0,0,0
pt_exams_math,pt_exams_math/19,consistent_error,2,2,0,2,0,0,0,2,2,2
pt_exams_math,pt_exams_math/19,intermediate_error,2,0,2,0,2,2,2,0,0,0
pt_exams_math,pt_exams_math/19,truncated,2,0,2,0,2,2,2,0,0,0
pt_exams_math,pt_exams_math/2,boxed_only,1,1,0,1,0,0,0,1,1,1
pt_exams_math,pt_exams_math/2,clean,1,0,1,0,1,1,1,0,0,0
pt_exams_math,pt_exams_math/2,consistent_error,1,1,0,1,1,0,0,1,1,0
pt_exams_math,pt_exams_math/2,intermediate_error,1,0,1,0,1,1,1,0,0,0
pt_exams_math,pt_exams_math/2,truncated,1,0,1,0,1,1,1,0,0,0
pt_exams_math,pt_exams_math/20,boxed_only,1,1,0,1,0,0,0,1,1,1
pt_exams_math,pt_exams_math/20,clean,1,0,1,0,1,1,1,0,0,0
pt_exams_math,pt_exams_math/20,consistent_error,1,0,1,0,1,1,1,0,0,0
pt_exams_math,pt_exams_math/20,intermediate_error,1,0,1,0,1,1,1,0,0,0
pt_exams_math,pt_exams_math/20,truncated,1,0,1,0,1,1,1,0,0,0
pt_exams_math,pt_exams_math/21,boxed_only,2,2,0,2,1,0,0,2,2,1
pt_exams_math,pt_exams_math/21,clean,2,0,2,0,2,2,2,0,0,0
pt_exams_math,pt_exams_math/21,consistent_error,2,1,1,1,1,1,1,1,1,1
pt_exams_math,pt_exams_math/21,intermediate_error,2,0,2,0,2,2,2,0,0,0
pt_exams_math,pt_exams_math/21,truncated,2,0,2,0,2,2,2,0,0,0
pt_exams_math,pt_exams_math/22,boxed_only,2,2,0,2,0,0,0,2,2,2
pt_exams_math,pt_exams_math/22,clean,2,0,2,0,2,2,2,0,0,0
pt_exams_math,pt_exams_math/22,intermediate_error,2,1,1,1,2,1,1,1,1,0
pt_exams_math,pt_exams_math/22,truncated,2,0,2,0,2,2,2,0,0,0
pt_exams_math,pt_exams_math/24,boxed_only,2,2,0,2,1,0,0,2,2,1
pt_exams_math,pt_exams_math/24,clean,2,0,2,0,2,2,2,0,0,0
pt_exams_math,pt_exams_math/24,consistent_error,2,2,0,2,1,0,0,2,2,1
pt_exams_math,pt_exams_math/24,intermediate_error,2,0,2,0,2,2,2,0,0,0
pt_exams_math,pt_exams_math/24,truncated,2,0,2,0,2,2,2,0,0,0
pt_exams_math,pt_exams_math/25,boxed_only,1,1,0,1,0,0,0,1,1,1
pt_exams_math,pt_exams_math/25,clean,1,0,1,0,1,1,1,0,0,0
pt_exams_math,pt_exams_math/25,consistent_error,1,1,0,1,0,0,0,1,1,1
pt_exams_math,pt_exams_math/25,intermediate_error,1,0,1,0,1,1,1,0,0,0
pt_exams_math,pt_exams_math/25,truncated,1,0,1,0,1,1,1,0,0,0
pt_exams_math,pt_exams_math/26,boxed_only,2,2,0,2,1,0,0,2,2,1
pt_exams_math,pt_exams_math/26,clean,2,0,2,0,2,2,2,0,0,0
pt_exams_math,pt_exams_math/26,consistent_error,2,2,0,2,0,0,0,2,2,2
pt_exams_math,pt_exams_math/26,intermediate_error,2,0,2,0,2,2,2,0,0,0
pt_exams_math,pt_exams_math/26,truncated,2,0,2,0,2,2,2,0,0,0
pt_exams_math,pt_exams_math/27,boxed_only,2,2,0,2,0,0,0,2,2,2
pt_exams_math,pt_exams_math/27,clean,2,0,2,0,2,2,2,0,0,0
pt_exams_math,pt_exams_math/27,consistent_error,2,2,0,2,0,0,0,2,2,2
pt_exams_math,pt_exams_math/27,intermediate_error,2,0,2,0,2,2,2,0,0,0
pt_exams_math,pt_exams_math/27,truncated,2,0,2,0,2,2,2,0,0,0
pt_exams_math,pt_exams_math/28,boxed_only,2,2,0,2,0,0,0,2,2,2
pt_exams_math,pt_exams_math/28,clean,2,0,2,0,2,2,2,0,0,0
pt_exams_math,pt_exams_math/28,consistent_error,2,2,0,2,1,0,0,2,2,1
pt_exams_math,pt_exams_math/28,intermediate_error,2,0,2,0,2,2,2,0,0,0
pt_exams_math,pt_exams_math/28,truncated,2,0,2,0,2,2,2,0,0,0
pt_exams_math,pt_exams_math/29,boxed_only,2,2,0,2,0,0,0,2,2,2
pt_exams_math,pt_exams_math/29,clean,2,0,2,0,2,2,2,0,0,0
pt_exams_math,pt_exams_math/29,consistent_error,2,2,0,2,0,0,0,2,2,2
pt_exams_math,pt_exams_math/29,intermediate_error,2,0,2,0,2,2,2,0,0,0
pt_exams_math,pt_exams_math/29,truncated,2,0,2,0,2,2,2,0,0,0
pt_exams_math,pt_exams_math/3,boxed_only,2,2,0,2,0,0,0,2,2,2
pt_exams_math,pt_exams_math/3,clean,2,0,2,0,2,2,2,0,0,0
pt_exams_math,pt_exams_math/3,consistent_error,2,2,0,2,0,0,0,2,2,2
pt_exams_math,pt_exams_math/3,intermediate_error,2,0,2,0,2,2,2,0,0,0
pt_exams_math,pt_exams_math/3,truncated,2,0,2,0,2,2,2,0,0,0
pt_exams_math,pt_exams_math/30,boxed_only,1,1,0,1,1,0,0,1,1,0
pt_exams_math,pt_exams_math/30,clean,1,0,1,0,1,1,1,0,0,0
pt_exams_math,pt_exams_math/30,consistent_error,1,1,0,1,0,0,0,1,1,1
pt_exams_math,pt_exams_math/30,intermediate_error,1,0,1,0,1,1,1,0,0,0
pt_exams_math,pt_exams_math/30,truncated,1,0,1,0,1,1,1,0,0,0
pt_exams_math,pt_exams_math/31,boxed_only,2,2,0,2,0,0,0,2,2,2
pt_exams_math,pt_exams_math/31,clean,2,0,2,0,2,2,2,0,0,0
pt_exams_math,pt_exams_math/31,consistent_error,2,2,0,2,0,0,0,2,2,2
pt_exams_math,pt_exams_math/31,intermediate_error,2,0,2,0,2,2,2,0,0,0
pt_exams_math,pt_exams_math/31,truncated,2,0,2,0,2,2,2,0,0,0
pt_exams_math,pt_exams_math/32,boxed_only,2,2,0,2,0,0,0,2,2,2
pt_exams_math,pt_exams_math/32,clean,2,0,2,0,2,2,2,0,0,0
pt_exams_math,pt_exams_math/32,consistent_error,2,2,0,2,0,0,0,2,2,2
pt_exams_math,pt_exams_math/32,intermediate_error,2,0,2,0,2,2,2,0,0,0
pt_exams_math,pt_exams_math/32,truncated,2,0,2,0,2,2,2,0,0,0
pt_exams_math,pt_exams_math/33,boxed_only,2,2,0,2,0,0,0,2,2,2
pt_exams_math,pt_exams_math/33,clean,2,0,2,0,2,2,2,0,0,0
pt_exams_math,pt_exams_math/33,consistent_error,2,2,0,2,1,0,0,2,2,1
pt_exams_math,pt_exams_math/33,intermediate_error,2,0,2,0,2,2,2,0,0,0
pt_exams_math,pt_exams_math/33,truncated,2,0,2,0,2,2,2,0,0,0
pt_exams_math,pt_exams_math/34,boxed_only,2,2,0,2,0,0,0,2,2,2
pt_exams_math,pt_exams_math/34,clean,2,0,2,0,2,2,2,0,0,0
pt_exams_math,pt_exams_math/34,consistent_error,2,2,0,2,0,0,0,2,2,2
pt_exams_math,pt_exams_math/34,intermediate_error,2,0,2,0,2,2,2,0,0,0
pt_exams_math,pt_exams_math/34,truncated,2,0,2,0,2,2,2,0,0,0
pt_exams_math,pt_exams_math/35,boxed_only,2,2,0,2,0,0,0,2,2,2
pt_exams_math,pt_exams_math/35,clean,2,0,2,0,2,2,2,0,0,0
pt_exams_math,pt_exams_math/35,consistent_error,2,2,0,2,1,0,0,2,2,1
pt_exams_math,pt_exams_math/35,intermediate_error,2,0,2,0,2,2,2,0,0,0
pt_exams_math,pt_exams_math/35,truncated,2,0,2,0,2,2,2,0,0,0
pt_exams_math,pt_exams_math/36,boxed_only,2,2,0,2,1,0,0,2,2,1
pt_exams_math,pt_exams_math/36,clean,2,0,2,0,2,2,2,0,0,0
pt_exams_math,pt_exams_math/36,consistent_error,2,2,0,2,0,0,0,2,2,2
pt_exams_math,pt_exams_math/36,intermediate_error,2,0,2,0,2,2,2,0,0,0
pt_exams_math,pt_exams_math/36,truncated,2,0,2,0,2,2,2,0,0,0
pt_exams_math,pt_exams_math/37,boxed_only,2,2,0,2,0,0,0,2,2,2
pt_exams_math,pt_exams_math/37,clean,2,0,2,0,2,2,2,0,0,0
pt_exams_math,pt_exams_math/37,consistent_error,2,2,0,2,0,0,0,2,2,2
pt_exams_math,pt_exams_math/37,intermediate_error,2,0,2,0,2,2,2,0,0,0
pt_exams_math,pt_exams_math/37,truncated,2,0,2,0,2,2,2,0,0,0
pt_exams_math,pt_exams_math/4,clean,2,0,2,0,2,2,2,0,0,0
pt_exams_math,pt_exams_math/4,intermediate_error,2,0,2,0,2,2,2,0,0,0
pt_exams_math,pt_exams_math/4,truncated,2,0,2,0,2,2,2,0,0,0
pt_exams_math,pt_exams_math/40,boxed_only,2,2,0,2,0,0,0,2,2,2
pt_exams_math,pt_exams_math/40,clean,2,0,2,0,2,2,2,0,0,0
pt_exams_math,pt_exams_math/40,intermediate_error,2,0,2,0,2,2,2,0,0,0
pt_exams_math,pt_exams_math/40,truncated,2,0,2,0,2,2,2,0,0,0
pt_exams_math,pt_exams_math/41,boxed_only,2,2,0,2,0,0,0,2,2,2
pt_exams_math,pt_exams_math/41,clean,2,0,2,0,2,2,2,0,0,0
pt_exams_math,pt_exams_math/41,consistent_error,2,2,0,2,0,0,0,2,2,2
pt_exams_math,pt_exams_math/41,intermediate_error,2,0,2,0,2,2,2,0,0,0
pt_exams_math,pt_exams_math/41,truncated,2,0,2,0,2,2,2,0,0,0
pt_exams_math,pt_exams_math/42,boxed_only,1,1,0,1,0,0,0,1,1,1
pt_exams_math,pt_exams_math/42,clean,1,0,1,0,1,1,1,0,0,0
pt_exams_math,pt_exams_math/42,consistent_error,1,1,0,1,0,0,0,1,1,1
pt_exams_math,pt_exams_math/42,intermediate_error,1,0,1,0,1,1,1,0,0,0
pt_exams_math,pt_exams_math/42,truncated,1,0,1,0,1,1,1,0,0,0
pt_exams_math,pt_exams_math/44,boxed_only,2,2,0,2,0,0,0,2,2,2
pt_exams_math,pt_exams_math/44,clean,2,0,2,0,2,2,2,0,0,0
pt_exams_math,pt_exams_math/44,consistent_error,2,2,0,2,0,0,0,2,2,2
pt_exams_math,pt_exams_math/44,intermediate_error,2,0,2,0,2,2,2,0,0,0
pt_exams_math,pt_exams_math/44,truncated,2,0,2,0,2,2,2,0,0,0
pt_exams_math,pt_exams_math/45,boxed_only,2,2,0,2,0,0,0,2,2,2
pt_exams_math,pt_exams_math/45,clean,2,0,2,0,2,2,2,0,0,0
pt_exams_math,pt_exams_math/45,consistent_error,2,2,0,2,0,0,0,2,2,2
pt_exams_math,pt_exams_math/45,intermediate_error,2,0,2,0,2,2,2,0,0,0
pt_exams_math,pt_exams_math/45,truncated,2,0,2,0,2,2,2,0,0,0
pt_exams_math,pt_exams_math/46,boxed_only,2,2,0,2,0,0,0,2,2,2
pt_exams_math,pt_exams_math/46,clean,2,0,2,0,2,2,2,0,0,0
pt_exams_math,pt_exams_math/46,intermediate_error,2,0,2,0,2,2,2,0,0,0
pt_exams_math,pt_exams_math/46,truncated,2,0,2,0,2,2,2,0,0,0
pt_exams_math,pt_exams_math/47,boxed_only,2,2,0,2,0,0,0,2,2,2
pt_exams_math,pt_exams_math/47,clean,2,0,2,0,2,2,2,0,0,0
pt_exams_math,pt_exams_math/47,consistent_error,2,2,0,2,0,0,0,2,2,2
pt_exams_math,pt_exams_math/47,intermediate_error,2,0,2,0,2,2,2,0,0,0
pt_exams_math,pt_exams_math/47,truncated,2,0,2,0,2,2,2,0,0,0
pt_exams_math,pt_exams_math/48,boxed_only,2,2,0,2,0,0,0,2,2,2
pt_exams_math,pt_exams_math/48,clean,2,0,2,0,2,2,2,0,0,0
pt_exams_math,pt_exams_math/48,consistent_error,2,2,0,2,1,0,0,2,2,1
pt_exams_math,pt_exams_math/48,intermediate_error,2,0,2,0,2,2,2,0,0,0
pt_exams_math,pt_exams_math/48,truncated,2,0,2,0,2,2,2,0,0,0
pt_exams_math,pt_exams_math/49,boxed_only,2,2,0,2,1,0,0,2,2,1
pt_exams_math,pt_exams_math/49,clean,2,0,2,0,2,2,2,0,0,0
pt_exams_math,pt_exams_math/49,intermediate_error,1,0,1,0,1,1,1,0,0,0
pt_exams_math,pt_exams_math/49,truncated,2,0,2,0,2,2,2,0,0,0
pt_exams_math,pt_exams_math/5,boxed_only,2,2,0,2,1,0,0,2,2,1
pt_exams_math,pt_exams_math/5,clean,2,0,2,0,2,2,2,0,0,0
pt_exams_math,pt_exams_math/5,consistent_error,2,2,0,2,0,0,0,2,2,2
pt_exams_math,pt_exams_math/5,intermediate_error,2,0,2,0,2,2,2,0,0,0
pt_exams_math,pt_exams_math/5,truncated,2,0,2,0,2,2,2,0,0,0
pt_exams_math,pt_exams_math/50,boxed_only,2,2,0,2,0,0,0,2,2,2
pt_exams_math,pt_exams_math/50,clean,2,0,2,0,2,2,2,0,0,0
pt_exams_math,pt_exams_math/50,consistent_error,2,0,2,0,2,2,2,0,0,0
pt_exams_math,pt_exams_math/50,intermediate_error,2,0,2,0,2,2,2,0,0,0
pt_exams_math,pt_exams_math/50,truncated,2,0,2,0,2,2,2,0,0,0
pt_exams_math,pt_exams_math/51,boxed_only,2,2,0,2,0,0,0,2,2,2
pt_exams_math,pt_exams_math/51,clean,2,0,2,0,2,2,2,0,0,0
pt_exams_math,pt_exams_math/51,consistent_error,2,2,0,2,0,0,0,2,2,2
pt_exams_math,pt_exams_math/51,intermediate_error,2,0,2,0,2,2,2,0,0,0
pt_exams_math,pt_exams_math/51,truncated,2,0,2,0,2,2,2,0,0,0
pt_exams_math,pt_exams_math/52,boxed_only,2,2,0,2,0,0,0,2,2,2
pt_exams_math,pt_exams_math/52,clean,2,0,2,0,2,2,2,0,0,0
pt_exams_math,pt_exams_math/52,consistent_error,2,2,0,2,1,0,0,2,2,1
pt_exams_math,pt_exams_math/52,intermediate_error,2,0,2,0,2,2,2,0,0,0
pt_exams_math,pt_exams_math/52,truncated,2,0,2,0,2,2,2,0,0,0
pt_exams_math,pt_exams_math/53,boxed_only,2,2,0,2,1,0,0,2,2,1
pt_exams_math,pt_exams_math/53,clean,2,0,2,0,2,2,2,0,0,0
pt_exams_math,pt_exams_math/53,consistent_error,2,2,0,2,1,0,0,2,2,1
pt_exams_math,pt_exams_math/53,intermediate_error,2,0,2,0,2,2,2,0,0,0
pt_exams_math,pt_exams_math/53,truncated,2,0,2,0,2,2,2,0,0,0
pt_exams_math,pt_exams_math/54,boxed_only,2,2,0,2,1,0,0,2,2,1
pt_exams_math,pt_exams_math/54,clean,2,0,2,0,2,2,2,0,0,0
pt_exams_math,pt_exams_math/54,consistent_error,2,2,0,2,0,0,0,2,2,2
pt_exams_math,pt_exams_math/54,intermediate_error,2,0,2,0,2,2,2,0,0,0
pt_exams_math,pt_exams_math/54,truncated,2,0,2,0,2,2,2,0,0,0
pt_exams_math,pt_exams_math/55,boxed_only,2,2,0,2,1,0,0,2,2,1
pt_exams_math,pt_exams_math/55,clean,2,0,2,0,2,2,2,0,0,0
pt_exams_math,pt_exams_math/55,consistent_error,1,1,0,1,0,0,0,1,1,1
pt_exams_math,pt_exams_math/55,intermediate_error,2,0,2,0,2,2,2,0,0,0
pt_exams_math,pt_exams_math/55,truncated,2,0,2,0,2,2,2,0,0,0
pt_exams_math,pt_exams_math/56,boxed_only,2,2,0,2,0,0,0,2,2,2
pt_exams_math,pt_exams_math/56,clean,2,0,2,0,2,2,2,0,0,0
pt_exams_math,pt_exams_math/56,consistent_error,2,2,0,2,0,0,0,2,2,2
pt_exams_math,pt_exams_math/56,intermediate_error,2,0,2,0,2,2,2,0,0,0
pt_exams_math,pt_exams_math/56,truncated,2,0,2,1,2,2,1,1,0,0
pt_exams_math,pt_exams_math/57,boxed_only,2,2,0,2,0,0,0,2,2,2
pt_exams_math,pt_exams_math/57,clean,2,0,2,0,2,2,2,0,0,0
pt_exams_math,pt_exams_math/57,intermediate_error,2,0,2,0,2,2,2,0,0,0
pt_exams_math,pt_exams_math/57,truncated,2,0,2,0,2,2,2,0,0,0
pt_exams_math,pt_exams_math/58,boxed_only,2,2,0,2,0,0,0,2,2,2
pt_exams_math,pt_exams_math/58,clean,2,0,2,0,2,2,2,0,0,0
pt_exams_math,pt_exams_math/58,consistent_error,2,2,0,2,0,0,0,2,2,2
pt_exams_math,pt_exams_math/58,intermediate_error,2,0,2,0,2,2,2,0,0,0
pt_exams_math,pt_exams_math/58,truncated,2,0,2,0,2,2,2,0,0,0
pt_exams_math,pt_exams_math/59,boxed_only,2,2,0,2,0,0,0,2,2,2
pt_exams_math,pt_exams_math/59,clean,2,0,2,0,2,2,2,0,0,0
pt_exams_math,pt_exams_math/59,consistent_error,2,2,0,2,0,0,0,2,2,2
pt_exams_math,pt_exams_math/59,intermediate_error,2,0,2,0,2,2,2,0,0,0
pt_exams_math,pt_exams_math/59,truncated,2,0,2,0,2,2,2,0,0,0
pt_exams_math,pt_exams_math/6,boxed_only,2,2,0,2,0,0,0,2,2,2
pt_exams_math,pt_exams_math/6,clean,2,0,2,0,2,2,2,0,0,0
pt_exams_math,pt_exams_math/6,consistent_error,2,2,0,2,0,0,0,2,2,1
pt_exams_math,pt_exams_math/6,intermediate_error,2,0,2,0,2,2,2,0,0,0
pt_exams_math,pt_exams_math/6,truncated,2,0,2,0,2,2,2,0,0,0
pt_exams_math,pt_exams_math/60,boxed_only,2,2,0,2,0,0,0,2,2,2
pt_exams_math,pt_exams_math/60,clean,2,0,2,0,2,2,2,0,0,0
pt_exams_math,pt_exams_math/60,consistent_error,2,1,1,1,2,1,1,1,1,0
pt_exams_math,pt_exams_math/60,intermediate_error,2,0,2,0,2,2,2,0,0,0
pt_exams_math,pt_exams_math/60,truncated,2,0,2,0,2,2,2,0,0,0
pt_exams_math,pt_exams_math/61,boxed_only,2,2,0,2,2,0,0,2,2,0
pt_exams_math,pt_exams_math/61,clean,2,0,2,0,2,2,2,0,0,0
pt_exams_math,pt_exams_math/61,intermediate_error,2,1,1,1,1,1,1,1,1,1
pt_exams_math,pt_exams_math/61,truncated,2,0,2,0,2,2,2,0,0,0
pt_exams_math,pt_exams_math/62,boxed_only,1,1,0,1,0,0,0,1,1,1
pt_exams_math,pt_exams_math/62,clean,1,0,1,0,1,1,1,0,0,0
pt_exams_math,pt_exams_math/62,consistent_error,1,1,0,1,0,0,0,1,1,1
pt_exams_math,pt_exams_math/62,intermediate_error,1,0,1,0,1,1,1,0,0,0
pt_exams_math,pt_exams_math/62,truncated,1,0,1,0,1,1,1,0,0,0
pt_exams_math,pt_exams_math/63,boxed_only,2,2,0,2,0,0,0,2,2,2
pt_exams_math,pt_exams_math/63,clean,2,0,2,0,2,2,2,0,0,0
pt_exams_math,pt_exams_math/63,consistent_error,2,2,0,2,0,0,0,2,2,2
pt_exams_math,pt_exams_math/63,intermediate_error,2,0,2,0,2,2,2,0,0,0
pt_exams_math,pt_exams_math/63,truncated,2,0,2,0,2,2,2,0,0,0
pt_exams_math,pt_exams_math/64,boxed_only,2,2,0,2,0,0,0,2,2,2
pt_exams_math,pt_exams_math/64,clean,2,0,2,0,2,2,2,0,0,0
pt_exams_math,pt_exams_math/64,intermediate_error,2,0,2,0,2,2,2,0,0,0
pt_exams_math,pt_exams_math/64,truncated,2,0,2,0,2,2,2,0,0,0
pt_exams_math,pt_exams_math/65,boxed_only,2,2,0,2,1,0,0,2,2,1
pt_exams_math,pt_exams_math/65,clean,2,0,2,0,2,2,2,0,0,0
pt_exams_math,pt_exams_math/65,consistent_error,2,2,0,2,0,0,0,2,2,2
pt_exams_math,pt_exams_math/65,intermediate_error,2,0,2,0,2,2,2,0,0,0
pt_exams_math,pt_exams_math/65,truncated,2,0,2,0,2,2,2,0,0,0
pt_exams_math,pt_exams_math/66,boxed_only,2,2,0,2,1,0,0,2,2,1
pt_exams_math,pt_exams_math/66,clean,2,0,2,0,2,2,2,0,0,0
pt_exams_math,pt_exams_math/66,consistent_error,2,2,0,2,1,0,0,2,2,1
pt_exams_math,pt_exams_math/66,intermediate_error,2,0,2,0,2,2,2,0,0,0
pt_exams_math,pt_exams_math/66,truncated,2,0,2,0,2,2,2,0,0,0
pt_exams_math,pt_exams_math/67,boxed_only,2,0,2,2,2,2,0,2,0,0
pt_exams_math,pt_exams_math/67,clean,2,0,2,0,2,2,2,0,0,0
pt_exams_math,pt_exams_math/67,intermediate_error,2,0,2,0,2,2,2,0,0,0
pt_exams_math,pt_exams_math/67,truncated,2,0,2,0,2,2,2,0,0,0
pt_exams_math,pt_exams_math/68,boxed_only,2,2,0,2,0,0,0,2,2,2
pt_exams_math,pt_exams_math/68,clean,2,0,2,0,2,2,2,0,0,0
pt_exams_math,pt_exams_math/68,consistent_error,2,1,1,2,1,1,0,2,1,1
pt_exams_math,pt_exams_math/68,intermediate_error,2,0,2,0,2,2,2,0,0,0
pt_exams_math,pt_exams_math/68,truncated,2,0,2,0,2,2,2,0,0,0
pt_exams_math,pt_exams_math/69,boxed_only,2,2,0,2,0,0,0,2,2,2
pt_exams_math,pt_exams_math/69,clean,2,0,2,0,2,2,2,0,0,0
pt_exams_math,pt_exams_math/69,consistent_error,2,2,0,2,0,0,0,2,2,2
pt_exams_math,pt_exams_math/69,intermediate_error,2,0,2,0,2,2,2,0,0,0
pt_exams_math,pt_exams_math/69,truncated,2,0,2,0,2,2,2,0,0,0
pt_exams_math,pt_exams_math/7,boxed_only,2,2,0,2,0,0,0,2,2,2
pt_exams_math,pt_exams_math/7,clean,2,0,2,0,2,2,2,0,0,0
pt_exams_math,pt_exams_math/7,consistent_error,2,2,0,2,0,0,0,2,2,2
pt_exams_math,pt_exams_math/7,intermediate_error,2,0,2,0,2,2,2,0,0,0
pt_exams_math,pt_exams_math/7,truncated,2,0,2,0,2,2,2,0,0,0
pt_exams_math,pt_exams_math/70,boxed_only,2,2,0,2,0,0,0,2,2,2
pt_exams_math,pt_exams_math/70,clean,2,0,2,0,2,2,2,0,0,0
pt_exams_math,pt_exams_math/70,consistent_error,2,2,0,2,0,0,0,2,2,2
pt_exams_math,pt_exams_math/70,intermediate_error,2,0,2,0,2,2,2,0,0,0
pt_exams_math,pt_exams_math/70,truncated,2,0,2,0,2,2,2,0,0,0
pt_exams_math,pt_exams_math/71,boxed_only,2,2,0,2,0,0,0,2,2,2
pt_exams_math,pt_exams_math/71,clean,2,0,2,0,2,2,2,0,0,0
pt_exams_math,pt_exams_math/71,consistent_error,2,2,0,2,0,0,0,2,2,2
pt_exams_math,pt_exams_math/71,intermediate_error,2,0,2,0,2,2,2,0,0,0
pt_exams_math,pt_exams_math/71,truncated,2,0,2,0,2,2,2,0,0,0
pt_exams_math,pt_exams_math/72,boxed_only,2,2,0,2,1,0,0,2,2,1
pt_exams_math,pt_exams_math/72,clean,2,0,2,1,2,2,1,1,0,0
pt_exams_math,pt_exams_math/72,consistent_error,1,1,0,1,0,0,0,1,1,1
pt_exams_math,pt_exams_math/72,intermediate_error,2,0,2,1,2,2,1,1,0,0
pt_exams_math,pt_exams_math/72,truncated,2,1,1,2,2,1,0,2,1,0
pt_exams_math,pt_exams_math/73,boxed_only,2,2,0,2,1,0,0,2,2,1
pt_exams_math,pt_exams_math/73,clean,2,0,2,1,2,2,1,1,0,0
pt_exams_math,pt_exams_math/73,intermediate_error,1,0,1,0,1,1,1,0,0,0
pt_exams_math,pt_exams_math/73,truncated,2,0,2,0,2,2,2,0,0,0
pt_exams_math,pt_exams_math/74,boxed_only,1,1,0,1,0,0,0,1,1,1
pt_exams_math,pt_exams_math/74,clean,1,0,1,0,1,1,1,0,0,0
pt_exams_math,pt_exams_math/74,consistent_error,1,1,0,1,0,0,0,1,1,1
pt_exams_math,pt_exams_math/74,intermediate_error,1,0,1,0,1,1,1,0,0,0
pt_exams_math,pt_exams_math/74,truncated,1,0,1,0,1,1,1,0,0,0
pt_exams_math,pt_exams_math/75,boxed_only,2,2,0,2,0,0,0,2,2,2
pt_exams_math,pt_exams_math/75,clean,2,0,2,0,2,2,2,0,0,0
pt_exams_math,pt_exams_math/75,consistent_error,2,2,0,2,0,0,0,2,2,2
pt_exams_math,pt_exams_math/75,intermediate_error,2,0,2,0,2,2,2,0,0,0
pt_exams_math,pt_exams_math/75,truncated,2,0,2,0,2,2,2,0,0,0
pt_exams_math,pt_exams_math/76,boxed_only,1,1,0,1,0,0,0,1,1,1
pt_exams_math,pt_exams_math/76,clean,1,0,1,0,1,1,1,0,0,0
pt_exams_math,pt_exams_math/76,consistent_error,1,1,0,1,0,0,0,1,1,1
pt_exams_math,pt_exams_math/76,intermediate_error,1,0,1,0,1,1,1,0,0,0
pt_exams_math,pt_exams_math/76,truncated,1,0,1,0,1,1,1,0,0,0
pt_exams_math,pt_exams_math/77,boxed_only,2,2,0,2,0,0,0,2,2,2
pt_exams_math,pt_exams_math/77,clean,2,0,2,0,2,2,2,0,0,0
pt_exams_math,pt_exams_math/77,consistent_error,2,2,0,2,0,0,0,2,2,2
pt_exams_math,pt_exams_math/77,intermediate_error,2,0,2,0,2,2,2,0,0,0
pt_exams_math,pt_exams_math/77,truncated,2,0,2,0,2,2,2,0,0,0
pt_exams_math,pt_exams_math/78,boxed_only,1,1,0,1,0,0,0,1,1,1
pt_exams_math,pt_exams_math/78,clean,1,0,1,0,1,1,1,0,0,0
pt_exams_math,pt_exams_math/78,consistent_error,1,1,0,1,0,0,0,1,1,1
pt_exams_math,pt_exams_math/78,intermediate_error,1,0,1,0,1,1,1,0,0,0
pt_exams_math,pt_exams_math/78,truncated,1,0,1,0,1,1,1,0,0,0
pt_exams_math,pt_exams_math/79,boxed_only,2,2,0,2,0,0,0,2,2,2
pt_exams_math,pt_exams_math/79,clean,2,0,2,0,2,2,2,0,0,0
pt_exams_math,pt_exams_math/79,consistent_error,2,2,0,2,0,0,0,2,2,2
pt_exams_math,pt_exams_math/79,intermediate_error,2,0,2,0,2,2,2,0,0,0
pt_exams_math,pt_exams_math/79,truncated,2,0,2,0,2,2,2,0,0,0
pt_exams_math,pt_exams_math/8,boxed_only,2,2,0,2,0,0,0,2,2,2
pt_exams_math,pt_exams_math/8,clean,2,0,2,0,2,2,2,0,0,0
pt_exams_math,pt_exams_math/8,intermediate_error,2,0,2,0,2,2,2,0,0,0
pt_exams_math,pt_exams_math/8,truncated,2,0,2,0,2,2,2,0,0,0
pt_exams_math,pt_exams_math/80,boxed_only,1,1,0,1,0,0,0,1,1,1
pt_exams_math,pt_exams_math/80,clean,1,0,1,0,1,1,1,0,0,0
pt_exams_math,pt_exams_math/80,consistent_error,1,1,0,1,0,0,0,1,1,1
pt_exams_math,pt_exams_math/80,intermediate_error,1,0,1,0,1,1,1,0,0,0
pt_exams_math,pt_exams_math/80,truncated,1,0,1,0,1,1,1,0,0,0
pt_exams_math,pt_exams_math/81,boxed_only,2,2,0,2,0,0,0,2,2,2
pt_exams_math,pt_exams_math/81,clean,2,0,2,0,2,2,2,0,0,0
pt_exams_math,pt_exams_math/81,consistent_error,2,2,0,2,0,0,0,2,2,2
pt_exams_math,pt_exams_math/81,intermediate_error,2,0,2,0,2,2,2,0,0,0
pt_exams_math,pt_exams_math/81,truncated,2,0,2,0,2,2,2,0,0,0
pt_exams_math,pt_exams_math/82,boxed_only,2,2,0,2,0,0,0,2,2,2
pt_exams_math,pt_exams_math/82,clean,2,0,2,1,2,2,1,1,0,0
pt_exams_math,pt_exams_math/82,consistent_error,2,2,0,2,0,0,0,2,2,2
pt_exams_math,pt_exams_math/82,intermediate_error,2,0,2,0,2,2,2,0,0,0
pt_exams_math,pt_exams_math/82,truncated,2,1,1,1,2,1,1,1,1,0
pt_exams_math,pt_exams_math/83,boxed_only,2,2,0,2,0,0,0,2,2,2
pt_exams_math,pt_exams_math/83,clean,2,0,2,0,2,2,2,0,0,0
pt_exams_math,pt_exams_math/83,consistent_error,1,1,0,1,1,0,0,1,1,0
pt_exams_math,pt_exams_math/83,intermediate_error,2,0,2,0,2,2,2,0,0,0
pt_exams_math,pt_exams_math/83,truncated,2,0,2,0,2,2,2,0,0,0
pt_exams_math,pt_exams_math/84,boxed_only,2,2,0,2,0,0,0,2,2,2
pt_exams_math,pt_exams_math/84,clean,2,0,2,0,2,2,2,0,0,0
pt_exams_math,pt_exams_math/84,intermediate_error,2,0,2,0,2,2,2,0,0,0
pt_exams_math,pt_exams_math/84,truncated,2,0,2,0,2,2,2,0,0,0
pt_exams_math,pt_exams_math/85,boxed_only,2,2,0,2,0,0,0,2,2,2
pt_exams_math,pt_exams_math/85,clean,2,0,2,0,2,2,2,0,0,0
pt_exams_math,pt_exams_math/85,consistent_error,2,2,0,2,0,0,0,2,2,2
pt_exams_math,pt_exams_math/85,intermediate_error,2,0,2,0,2,2,2,0,0,0
pt_exams_math,pt_exams_math/85,truncated,2,0,2,0,2,2,2,0,0,0
pt_exams_math,pt_exams_math/86,boxed_only,2,2,0,2,1,0,0,2,2,1
pt_exams_math,pt_exams_math/86,clean,2,0,2,0,2,2,2,0,0,0
pt_exams_math,pt_exams_math/86,consistent_error,2,2,0,2,0,0,0,2,2,2
pt_exams_math,pt_exams_math/86,intermediate_error,2,0,2,0,2,2,2,0,0,0
pt_exams_math,pt_exams_math/86,truncated,2,0,2,0,2,2,2,0,0,0
pt_exams_math,pt_exams_math/87,boxed_only,2,2,0,2,0,0,0,2,2,2
pt_exams_math,pt_exams_math/87,clean,2,0,2,0,2,2,2,0,0,0
pt_exams_math,pt_exams_math/87,consistent_error,2,2,0,2,0,0,0,2,2,2
pt_exams_math,pt_exams_math/87,intermediate_error,2,0,2,0,2,2,2,0,0,0
pt_exams_math,pt_exams_math/87,truncated,2,0,2,0,2,2,2,0,0,0
pt_exams_math,pt_exams_math/88,boxed_only,2,2,0,2,1,0,0,2,2,1
pt_exams_math,pt_exams_math/88,clean,2,0,2,0,2,2,2,0,0,0
pt_exams_math,pt_exams_math/88,consistent_error,2,2,0,2,1,0,0,2,2,1
pt_exams_math,pt_exams_math/88,intermediate_error,2,0,2,0,2,2,2,0,0,0
pt_exams_math,pt_exams_math/88,truncated,2,0,2,0,2,2,2,0,0,0
pt_exams_math,pt_exams_math/89,boxed_only,2,2,0,2,0,0,0,2,2,2
pt_exams_math,pt_exams_math/89,clean,2,0,2,0,2,2,2,0,0,0
pt_exams_math,pt_exams_math/89,consistent_error,2,2,0,2,0,0,0,2,2,2
pt_exams_math,pt_exams_math/89,intermediate_error,2,0,2,0,2,2,2,0,0,0
pt_exams_math,pt_exams_math/89,truncated,2,0,2,0,2,2,2,0,0,0
pt_exams_math,pt_exams_math/9,boxed_only,2,2,0,2,1,0,0,2,2,1
pt_exams_math,pt_exams_math/9,clean,2,0,2,0,2,2,2,0,0,0
pt_exams_math,pt_exams_math/9,consistent_error,2,2,0,2,0,0,0,2,2,2
pt_exams_math,pt_exams_math/9,intermediate_error,2,0,2,0,2,2,2,0,0,0
pt_exams_math,pt_exams_math/9,truncated,2,0,2,0,2,2,2,0,0,0
pt_exams_math,pt_exams_math/90,boxed_only,2,2,0,2,1,0,0,2,2,1
pt_exams_math,pt_exams_math/90,clean,2,0,2,0,2,2,2,0,0,0
pt_exams_math,pt_exams_math/90,consistent_error,2,2,0,2,0,0,0,2,2,2
pt_exams_math,pt_exams_math/90,intermediate_error,2,0,2,0,2,2,2,0,0,0
pt_exams_math,pt_exams_math/90,truncated,2,0,2,0,2,2,2,0,0,0
pt_exams_math,pt_exams_math/91,boxed_only,1,1,0,1,0,0,0,1,1,1
pt_exams_math,pt_exams_math/91,clean,1,0,1,0,1,1,1,0,0,0
pt_exams_math,pt_exams_math/91,intermediate_error,1,0,1,0,1,1,1,0,0,0
pt_exams_math,pt_exams_math/91,truncated,1,0,1,0,1,1,1,0,0,0
pt_exams_math,pt_exams_math/92,boxed_only,2,2,0,2,1,0,0,2,2,1
pt_exams_math,pt_exams_math/92,clean,2,0,2,0,2,2,2,0,0,0
pt_exams_math,pt_exams_math/92,intermediate_error,2,0,2,0,2,2,2,0,0,0
pt_exams_math,pt_exams_math/92,truncated,2,0,2,0,2,2,2,0,0,0
pt_exams_math,pt_exams_math/93,boxed_only,2,2,0,2,1,0,0,2,2,1
pt_exams_math,pt_exams_math/93,clean,2,0,2,0,2,2,2,0,0,0
pt_exams_math,pt_exams_math/93,intermediate_error,2,0,2,0,2,2,2,0,0,0
pt_exams_math,pt_exams_math/93,truncated,2,0,2,0,2,2,2,0,0,0
pt_exams_math,pt_exams_math/94,boxed_only,2,2,0,2,0,0,0,2,2,2
pt_exams_math,pt_exams_math/94,clean,2,0,2,0,2,2,2,0,0,0
pt_exams_math,pt_exams_math/94,intermediate_error,2,0,2,0,2,2,2,0,0,0
pt_exams_math,pt_exams_math/94,truncated,2,0,2,0,2,2,2,0,0,0
pt_exams_math,pt_exams_math/95,boxed_only,1,1,0,1,0,0,0,1,1,1
pt_exams_math,pt_exams_math/95,clean,1,0,1,0,1,1,1,0,0,0
pt_exams_math,pt_exams_math/95,intermediate_error,1,0,1,1,1,1,0,1,0,0
pt_exams_math,pt_exams_math/95,truncated,1,0,1,0,1,1,1,0,0,0
pt_exams_math,pt_exams_math/96,boxed_only,2,2,0,2,1,0,0,2,2,1
pt_exams_math,pt_exams_math/96,clean,2,0,2,0,2,2,2,0,0,0
pt_exams_math,pt_exams_math/96,intermediate_error,2,0,2,0,2,2,2,0,0,0
pt_exams_math,pt_exams_math/96,truncated,2,0,2,0,2,2,2,0,0,0
pt_exams_math,pt_exams_math/97,boxed_only,2,2,0,2,1,0,0,2,2,1
pt_exams_math,pt_exams_math/97,clean,2,0,2,0,2,2,2,0,0,0
pt_exams_math,pt_exams_math/97,consistent_error,2,0,2,2,2,2,0,2,0,0
pt_exams_math,pt_exams_math/97,intermediate_error,2,0,2,0,2,2,2,0,0,0
pt_exams_math,pt_exams_math/97,truncated,2,0,2,0,2,2,2,0,0,0
pt_exams_math,pt_exams_math/98,boxed_only,2,2,0,2,0,0,0,2,2,2
pt_exams_math,pt_exams_math/98,clean,2,0,2,0,2,2,2,0,0,0
pt_exams_math,pt_exams_math/98,intermediate_error,2,0,2,0,2,2,2,0,0,0
pt_exams_math,pt_exams_math/98,truncated,2,0,2,0,2,2,2,0,0,0
pt_exams_math,pt_exams_math/99,boxed_only,2,2,0,2,1,0,0,2,2,1
pt_exams_math,pt_exams_math/99,clean,2,0,2,0,2,2,2,0,0,0
pt_exams_math,pt_exams_math/99,consistent_error,2,2,0,2,0,0,0,2,2,2
pt_exams_math,pt_exams_math/99,intermediate_error,2,0,2,0,2,2,2,0,0,0
pt_exams_math,pt_exams_math/99,truncated,2,0,2,0,2,2,2,0,0,0
tubitak_math2026,tubitak_math2026/1,boxed_only,10,6,4,10,5,4,0,10,6,5
tubitak_math2026,tubitak_math2026/1,clean,10,4,6,4,6,6,6,4,4,4
tubitak_math2026,tubitak_math2026/1,consistent_error,10,8,2,9,3,2,1,9,8,7
tubitak_math2026,tubitak_math2026/1,intermediate_error,10,4,6,4,6,6,6,4,4,4
tubitak_math2026,tubitak_math2026/1,truncated,10,4,6,5,6,6,5,5,4,4
tubitak_math2026,tubitak_math2026/11,boxed_only,10,10,0,10,4,0,0,10,10,6
tubitak_math2026,tubitak_math2026/11,clean,10,0,10,0,10,10,10,0,0,0
tubitak_math2026,tubitak_math2026/11,consistent_error,9,9,0,9,0,0,0,9,9,9
tubitak_math2026,tubitak_math2026/11,intermediate_error,10,0,10,1,10,10,9,1,0,0
tubitak_math2026,tubitak_math2026/11,truncated,10,1,9,1,9,9,9,1,1,1
tubitak_math2026,tubitak_math2026/12,boxed_only,10,9,1,10,3,1,0,10,9,7
tubitak_math2026,tubitak_math2026/12,clean,10,0,10,0,10,10,10,0,0,0
tubitak_math2026,tubitak_math2026/12,consistent_error,10,8,2,10,5,2,0,10,8,5
tubitak_math2026,tubitak_math2026/12,intermediate_error,10,0,10,0,10,10,10,0,0,0
tubitak_math2026,tubitak_math2026/12,truncated,10,0,10,0,10,10,10,0,0,0
tubitak_math2026,tubitak_math2026/13,boxed_only,10,6,4,7,8,4,3,7,6,2
tubitak_math2026,tubitak_math2026/13,clean,10,1,9,2,10,9,8,2,1,0
tubitak_math2026,tubitak_math2026/13,consistent_error,10,9,1,10,3,1,0,10,9,7
tubitak_math2026,tubitak_math2026/13,intermediate_error,10,2,8,2,10,8,8,2,2,0
tubitak_math2026,tubitak_math2026/13,truncated,10,4,6,6,7,6,4,6,4,3
tubitak_math2026,tubitak_math2026/14,boxed_only,10,10,0,10,0,0,0,10,10,10
tubitak_math2026,tubitak_math2026/14,clean,10,5,5,6,5,5,4,6,5,4
tubitak_math2026,tubitak_math2026/14,intermediate_error,10,4,6,6,6,6,4,6,4,4
tubitak_math2026,tubitak_math2026/14,truncated,10,6,3,8,5,3,2,8,6,5
tubitak_math2026,tubitak_math2026/15,boxed_only,10,10,0,10,0,0,0,10,10,10
tubitak_math2026,tubitak_math2026/15,clean,10,0,10,0,10,10,10,0,0,0
tubitak_math2026,tubitak_math2026/15,consistent_error,10,10,0,10,1,0,0,10,10,9
tubitak_math2026,tubitak_math2026/15,intermediate_error,10,0,10,0,10,10,10,0,0,0
tubitak_math2026,tubitak_math2026/15,truncated,10,0,10,1,10,10,9,1,0,0
tubitak_math2026,tubitak_math2026/16,boxed_only,10,10,0,10,1,0,0,10,10,9
tubitak_math2026,tubitak_math2026/16,clean,10,9,1,9,4,1,1,9,9,6
tubitak_math2026,tubitak_math2026/16,consistent_error,10,10,0,10,2,0,0,10,10,8
tubitak_math2026,tubitak_math2026/16,intermediate_error,10,8,2,9,3,2,1,9,8,7
tubitak_math2026,tubitak_math2026/16,truncated,10,9,1,10,4,1,0,10,9,6
tubitak_math2026,tubitak_math2026/17,boxed_only,10,6,4,7,4,4,3,7,6,6
tubitak_math2026,tubitak_math2026/17,clean,10,1,9,1,10,9,9,1,1,0
tubitak_math2026,tubitak_math2026/17,consistent_error,10,10,0,10,2,0,0,10,10,8
tubitak_math2026,tubitak_math2026/17,intermediate_error,10,1,9,1,10,9,9,1,1,0
tubitak_math2026,tubitak_math2026/17,truncated,10,2,8,2,8,8,8,2,2,2
tubitak_math2026,tubitak_math2026/18,boxed_only,11,11,0,11,0,0,0,11,11,11
tubitak_math2026,tubitak_math2026/18,clean,11,10,1,11,2,1,0,11,10,9
tubitak_math2026,tubitak_math2026/18,intermediate_error,11,11,0,11,3,0,0,11,11,8
tubitak_math2026,tubitak_math2026/18,truncated,11,11,0,11,0,0,0,11,11,11
tubitak_math2026,tubitak_math2026/19,boxed_only,10,9,1,10,5,1,0,10,9,5
tubitak_math2026,tubitak_math2026/19,clean,10,0,10,0,10,10,10,0,0,0
tubitak_math2026,tubitak_math2026/19,intermediate_error,10,0,10,0,10,10,10,0,0,0
tubitak_math2026,tubitak_math2026/19,truncated,10,0,10,0,10,10,10,0,0,0
tubitak_math2026,tubitak_math2026/2,boxed_only,10,6,4,10,6,4,0,10,6,4
tubitak_math2026,tubitak_math2026/2,clean,10,1,9,6,9,9,4,6,1,1
tubitak_math2026,tubitak_math2026/2,intermediate_error,10,3,7,5,7,7,5,5,3,3
tubitak_math2026,tubitak_math2026/2,truncated,10,6,4,8,7,4,2,8,6,3
tubitak_math2026,tubitak_math2026/20,boxed_only,11,11,0,11,6,0,0,11,11,5
tubitak_math2026,tubitak_math2026/20,clean,11,0,11,2,11,11,9,2,0,0
tubitak_math2026,tubitak_math2026/20,consistent_error,11,9,2,10,5,2,1,10,9,6
tubitak_math2026,tubitak_math2026/20,intermediate_error,11,0,11,0,11,11,11,0,0,0
tubitak_math2026,tubitak_math2026/20,truncated,11,1,10,2,11,10,9,2,1,0
tubitak_math2026,tubitak_math2026/21,boxed_only,7,4,3,6,5,3,1,6,4,2
tubitak_math2026,tubitak_math2026/21,clean,7,4,3,4,6,3,3,4,4,1
tubitak_math2026,tubitak_math2026/21,consistent_error,7,7,0,7,2,0,0,7,7,5
tubitak_math2026,tubitak_math2026/21,intermediate_error,7,2,5,4,6,5,3,4,2,1
tubitak_math2026,tubitak_math2026/21,truncated,7,4,3,5,4,3,2,5,4,3
tubitak_math2026,tubitak_math2026/22,boxed_only,10,10,0,10,0,0,0,10,10,10
tubitak_math2026,tubitak_math2026/22,clean,10,9,1,9,1,1,1,9,9,8
tubitak_math2026,tubitak_math2026/22,intermediate_error,10,10,0,10,1,0,0,10,10,9
tubitak_math2026,tubitak_math2026/22,truncated,10,10,0,10,2,0,0,10,10,8
tubitak_math2026,tubitak_math2026/23,boxed_only,10,8,2,9,3,2,1,9,8,7
tubitak_math2026,tubitak_math2026/23,clean,10,8,2,8,2,2,2,8,8,8
tubitak_math2026,tubitak_math2026/23,intermediate_error,10,8,2,8,2,2,2,8,8,8
tubitak_math2026,tubitak_math2026/23,truncated,10,10,0,10,0,0,0,10,10,10
tubitak_math2026,tubitak_math2026/24,boxed_only,7,6,1,7,2,1,0,7,6,5
tubitak_math2026,tubitak_math2026/24,clean,7,5,2,6,2,2,1,6,5,5
tubitak_math2026,tubitak_math2026/24,intermediate_error,7,6,1,6,3,1,1,6,6,4
tubitak_math2026,tubitak_math2026/24,truncated,7,7,0,7,0,0,0,7,7,7
tubitak_math2026,tubitak_math2026/25,boxed_only,10,5,5,10,7,5,0,10,5,3
tubitak_math2026,tubitak_math2026/25,clean,10,0,10,0,10,10,10,0,0,0
tubitak_math2026,tubitak_math2026/25,intermediate_error,10,0,10,1,10,10,9,1,0,0
tubitak_math2026,tubitak_math2026/25,truncated,10,0,10,1,10,10,9,1,0,0
tubitak_math2026,tubitak_math2026/27,boxed_only,10,7,3,9,6,3,1,9,7,4
tubitak_math2026,tubitak_math2026/27,clean,10,0,10,0,10,10,10,0,0,0
tubitak_math2026,tubitak_math2026/27,intermediate_error,10,0,10,0,10,10,9,0,0,0
tubitak_math2026,tubitak_math2026/27,truncated,10,0,10,0,10,10,10,0,0,0
tubitak_math2026,tubitak_math2026/28,boxed_only,10,10,0,10,0,0,0,10,10,10
tubitak_math2026,tubitak_math2026/28,clean,10,9,1,10,5,1,0,10,9,5
tubitak_math2026,tubitak_math2026/28,consistent_error,10,10,0,10,0,0,0,10,10,9
tubitak_math2026,tubitak_math2026/28,intermediate_error,10,7,3,9,5,3,1,9,7,5
tubitak_math2026,tubitak_math2026/28,truncated,10,10,0,10,0,0,0,10,10,10
tubitak_math2026,tubitak_math2026/29,boxed_only,10,7,3,8,7,3,2,8,7,3
tubitak_math2026,tubitak_math2026/29,clean,10,0,10,0,10,10,10,0,0,0
tubitak_math2026,tubitak_math2026/29,consistent_error,1,0,1,0,1,1,1,0,0,0
tubitak_math2026,tubitak_math2026/29,intermediate_error,10,0,10,1,10,10,9,1,0,0
tubitak_math2026,tubitak_math2026/29,truncated,10,1,9,1,9,9,9,1,1,1
tubitak_math2026,tubitak_math2026/3,boxed_only,10,7,3,10,8,3,0,10,7,2
tubitak_math2026,tubitak_math2026/3,clean,10,0,10,0,10,10,10,0,0,0
tubitak_math2026,tubitak_math2026/3,intermediate_error,10,0,10,0,10,10,10,0,0,0
tubitak_math2026,tubitak_math2026/3,truncated,10,0,10,0,10,10,10,0,0,0
tubitak_math2026,tubitak_math2026/30,boxed_only,11,9,2,9,3,2,2,9,9,8
tubitak_math2026,tubitak_math2026/30,clean,11,2,9,3,9,9,8,3,2,2
tubitak_math2026,tubitak_math2026/30,consistent_error,9,9,0,9,4,0,0,9,9,5
tubitak_math2026,tubitak_math2026/30,intermediate_error,11,2,9,2,10,9,9,2,2,1
tubitak_math2026,tubitak_math2026/30,truncated,11,3,8,5,8,8,6,5,3,3
tubitak_math2026,tubitak_math2026/31,boxed_only,10,6,4,8,5,4,2,8,6,5
tubitak_math2026,tubitak_math2026/31,clean,10,0,10,1,10,10,9,1,0,0
tubitak_math2026,tubitak_math2026/31,consistent_error,10,9,1,9,2,1,1,9,9,8
tubitak_math2026,tubitak_math2026/31,intermediate_error,10,0,10,1,10,10,9,1,0,0
tubitak_math2026,tubitak_math2026/31,truncated,10,5,5,6,5,5,4,6,5,4
tubitak_math2026,tubitak_math2026/32,boxed_only,10,9,0,10,1,0,0,10,9,9
tubitak_math2026,tubitak_math2026/32,clean,10,8,2,10,3,2,0,10,8,4
tubitak_math2026,tubitak_math2026/32,intermediate_error,10,9,1,10,2,1,0,10,9,6
tubitak_math2026,tubitak_math2026/32,truncated,10,10,0,10,0,0,0,10,10,9
tubitak_math2026,tubitak_math2026/4,boxed_only,10,6,4,9,6,4,1,9,6,4
tubitak_math2026,tubitak_math2026/4,clean,10,0,10,0,10,10,10,0,0,0
tubitak_math2026,tubitak_math2026/4,consistent_error,10,9,1,10,3,1,0,10,9,7
tubitak_math2026,tubitak_math2026/4,intermediate_error,10,0,10,0,10,10,10,0,0,0
tubitak_math2026,tubitak_math2026/4,truncated,10,0,10,1,10,10,9,1,0,0
tubitak_math2026,tubitak_math2026/5,boxed_only,10,8,2,10,7,2,0,10,8,3
tubitak_math2026,tubitak_math2026/5,clean,10,0,10,0,10,10,10,0,0,0
tubitak_math2026,tubitak_math2026/5,consistent_error,10,9,1,10,4,1,0,10,9,6
tubitak_math2026,tubitak_math2026/5,intermediate_error,10,0,10,0,10,10,10,0,0,0
tubitak_math2026,tubitak_math2026/5,truncated,10,1,9,1,10,9,9,1,1,0
tubitak_math2026,tubitak_math2026/6,boxed_only,10,8,2,9,6,2,1,9,8,4
tubitak_math2026,tubitak_math2026/6,clean,10,2,8,3,9,8,7,3,2,1
tubitak_math2026,tubitak_math2026/6,intermediate_error,10,1,9,2,9,9,8,2,1,1
tubitak_math2026,tubitak_math2026/6,truncated,10,2,8,4,9,8,6,4,2,1
tubitak_math2026,tubitak_math2026/7,boxed_only,11,10,1,11,5,1,0,11,10,6
tubitak_math2026,tubitak_math2026/7,clean,11,0,11,0,11,11,11,0,0,0
tubitak_math2026,tubitak_math2026/7,intermediate_error,11,0,11,0,11,11,11,0,0,0
tubitak_math2026,tubitak_math2026/7,truncated,11,0,11,1,11,11,10,1,0,0
tubitak_math2026,tubitak_math2026/8,boxed_only,11,10,1,10,4,1,1,10,10,6
tubitak_math2026,tubitak_math2026/8,clean,11,1,10,5,11,10,6,5,1,0
tubitak_math2026,tubitak_math2026/8,intermediate_error,11,3,8,4,11,8,7,4,3,0
tubitak_math2026,tubitak_math2026/8,truncated,11,3,8,9,10,8,2,9,3,1
tubitak_math2026,tubitak_math2026/9,boxed_only,11,5,6,6,8,6,5,6,5,3
tubitak_math2026,tubitak_math2026/9,clean,11,1,10,2,10,10,9,2,1,1
tubitak_math2026,tubitak_math2026/9,consistent_error,11,10,1,11,7,1,0,11,10,4
tubitak_math2026,tubitak_math2026/9,intermediate_error,11,2,9,2,10,9,8,2,2,1
tubitak_math2026,tubitak_math2026/9,truncated,11,3,8,5,9,8,6,5,3,2
